player_id,rank,point,player_name,search_guild_key,guild_name,数量
CAH984HAW,1,630418156667704,タピエンル,MAJT0THVB,眩耀夜行,1
UA5OC8495,2,629323814141216,zth,MAJT0THVB,眩耀夜行,1
8EB0GXWX1,3,553519573044737,えーるん,EYN9H9N16,蓮すきすきクラブ,1
FWBTX791U,4,542381373524731,うおー,MAJT0THVB,眩耀夜行,1
7604CH5KV,5,540862242647807,く…る…す…,FK5MUK0ET,くる♡すきクラブ,1
KY6X3BV7A,6,534412826846650,とんとろ,25PMPEMG7,星見プロ,1
EQOU1ZZS7,7,533635216991415,あおいペン太郎君,VW65MCVF8,スリスリーズ,1
Z4TLWEM1D,8,521390554393609,カポエラー,YE7CX8RNP,能京カバディ部,1
LP0BEDRF6,9,516694779195522,素顔のピクセル,EYN9H9N16,蓮すきすきクラブ,1
BFBDRTETJ,10,515944527593287,からいろは,EYN9H9N16,蓮すきすきクラブ,1
0CPFA3PTM,11,512988506149789,かりん,25PMPEMG7,星見プロ,1
U1IQYBNI5,12,503258743482384,通りすがりの人,BKLW6CR5L,Mix鮭の空!!,1
15LURYMC1,13,500456101685745,ベルトーニ,FVJFA973A,蓮ノ空愛好会,1
JVDRVFFBP,14,496508791128756,たなばた野郎,EYN9H9N16,蓮すきすきクラブ,1
FM1GCQSEE,15,494817588426295,C72,MAJT0THVB,眩耀夜行,1
J9C1NN8VB,16,491072323102822,あーびん,VW65MCVF8,スリスリーズ,1
WL6FFE9FY,17,484957726151459,もょもと,EYN9H9N16,蓮すきすきクラブ,1
HVA8EZJWM,18,480104219331535,鍋,BKLW6CR5L,Mix鮭の空!!,1
FVG9O3T6M,19,468827788387049,つづもん,11XTEEEJT,リンクラ料理部,1
G25EXFDYH,20,465483180564494,いかずちさんだー,25PMPEMG7,星見プロ,1
TW9L2LKS7,21,464548060931754,日本エア時計学会,YE7CX8RNP,能京カバディ部,1
CO2UVBYHH,22,462389485332836,Say.Dat.,VW65MCVF8,スリスリーズ,1
A172AA7DD,23,461740866057360,にしん,FVJFA973A,蓮ノ空愛好会,1
KMUYDNERU,24,459726064163167,ゆうし,FC8NBAJBT,ラー麺二郎金沢店,1
L5FWMMCWN,25,457842280621729,はむすたー,PBRDPWEY1,村村会,1
1FREY7CCF,26,457292213915476,ぱ.む.ぱ.む.,11XTEEEJT,リンクラ料理部,1
WCN6J32TG,27,452776951089743,しみちゃん,BKLW6CR5L,Mix鮭の空!!,1
L6HBG7C3L,28,448475903920160,あまらく@,BKLW6CR5L,Mix鮭の空!!,1
W6KGEJ697,29,446598437506723,まだまだお,BKLW6CR5L,Mix鮭の空!!,1
8XP3JM3HY,30,443912973937366,リンモリ,YE7CX8RNP,能京カバディ部,1
B424J17UB,31,443552696597546,ginkaho,MAJT0THVB,眩耀夜行,1
NJ5M5IZWU,32,442561429514116,まき,R1RM3X0WV,後方腕組みオタク,1
VCYWGAUP5,33,442047313564347,ふぁる,BKLW6CR5L,Mix鮭の空!!,1
DV73OQD94,34,439739715678926,ちゆ,BKLW6CR5L,Mix鮭の空!!,1
3Q65ASSTC,35,437273976736026,ドガース,YE7CX8RNP,能京カバディ部,1
64M70NFSR,36,437070909560102,178,VW65MCVF8,スリスリーズ,1
VH1RC5NNC,37,436560855226790,コグレの小指にも,25PMPEMG7,星見プロ,1
MEGKKH1W5,38,434864387610399,75,EYN9H9N16,蓮すきすきクラブ,1
ON66GC85Z,39,431789964999158,ミツボシ,JTX1G19BP,さやかほ癒し会,1
0USG3I0AK,40,430607723313721,K’gcm,VW65MCVF8,スリスリーズ,1
24M5TJDPS,41,429632774863382,わるつ,FVJFA973A,蓮ノ空愛好会,1
GVNJDLBW8,42,424247471836850,魔虚羅,11XTEEEJT,リンクラ料理部,1
NC6WJYFVX,43,424227009096633,でら,11XTEEEJT,リンクラ料理部,1
72SX1Q0B7,44,419135790859318,ティーケー,YE7CX8RNP,能京カバディ部,1
VGWT7LCX7,45,417545920572497,ZUC,BKLW6CR5L,Mix鮭の空!!,1
KY1DYH45V,46,416029854130186,ate_san,B5V2LNN43,WMW,1
6NJM4GUG6,47,415436143505600,三面異次元ギギ,VW65MCVF8,スリスリーズ,1
TUHKRV0IW,48,415388012188718,分からん,EYN9H9N16,蓮すきすきクラブ,1
IZUFEEX2U,49,413335393088717,アルメ,EYN9H9N16,蓮すきすきクラブ,1
7TAQGMS8W,50,412893464916685,ゆる,PBRDPWEY1,村村会,1
R3YC2XYYZ,51,409937570556067,秋,GPKTRBCTT,騎空団蓮ノ空支部,1
BGZ7SP3WX,52,407483384469009,マオカイ,VW65MCVF8,スリスリーズ,1
7RODEB74T,53,406518433792319,しよー,RWARTHA1M,乙宗梢大好き部,1
D0RVYCT5J,54,406321377736504,蓮,,,1
L8VJOGDKM,55,405908198856639,ずっと、夏！,VW65MCVF8,スリスリーズ,1
FSJBKEC6U,56,404288213642934,ドードリオ,YE7CX8RNP,能京カバディ部,1
SM59T811D,57,404271473963028,Case,RWARTHA1M,乙宗梢大好き部,1
68S69TGO8,58,402705057978146,ｲﾉｳｴ,RFYKY8DCD,LA.LA.LA,1
MGGGX0GH1,59,401974662840613,脚スタント,VW65MCVF8,スリスリーズ,1
8KGF3M6WJ,60,401957565826201,ことりの,EYN9H9N16,蓮すきすきクラブ,1
69B4P3TW1,61,399966008728011,ルアルディ,BKLW6CR5L,Mix鮭の空!!,1
VFEKJ4R8Q,62,399382587105185,櫻井陽菜ex,VW65MCVF8,スリスリーズ,1
4387Y57EA,63,397683450767241,あなたこなた,11XTEEEJT,リンクラ料理部,1
U7NEBV4KH,64,397599979303038,こーど,BKLW6CR5L,Mix鮭の空!!,1
C9ZMT7RH7,65,395362090203313,キミタケ,B5V2LNN43,WMW,1
5LL48ARPU,66,394565877989905,シュウ,BKLW6CR5L,Mix鮭の空!!,1
1Y0XFNNDJ,67,391808500468950,こにゃとも最弱,EYN9H9N16,蓮すきすきクラブ,1
OZHGPXIGS,68,391419543481047,まるごとみなみ,WN5B7VKPU,きんぴられんこん,1
9ENVXR95K,69,391228691055480,マオ,MAJT0THVB,眩耀夜行,1
42J4J5OSG,70,390650932774705,ハラシヨ,W26TRPM1R,めぐ党藤島派,1
8GYTX89XA,71,390242428968545,しづの,FVJFA973A,蓮ノ空愛好会,1
4W6BIX284,72,389830571872983,リリィ♡,FK5MUK0ET,くる♡すきクラブ,1
S1JO65QZU,73,389737449304521,すと。,BKLW6CR5L,Mix鮭の空!!,1
KBI8MUTYD,74,388874900244076,まけれれ,EYN9H9N16,蓮すきすきクラブ,1
RND3BA6Q4,75,385671071477799,あゆ,49AMYCXCD,ルドベキア,1
TKLRD66RN,76,381147552087112,ふじー,BKLW6CR5L,Mix鮭の空!!,1
JRXUOPXXN,77,379088677877127,ぐんま,49AMYCXCD,ルドベキア,1
M3ANWTEQ1,78,378901309354322,"甘野老oNM,",73CBYJYB0,"oNM,",1
ISRNX35D4,79,377400949018718,KYB,RWARTHA1M,乙宗梢大好き部,1
QTHXHSE6U,80,376193577380400,2分26秒,EYN9H9N16,蓮すきすきクラブ,1
T95Y9M2F4,81,375965359955540,いくりら,EYN9H9N16,蓮すきすきクラブ,1
W4E0R6NA9,82,375264731721762,そらをとぶ,BKLW6CR5L,Mix鮭の空!!,1
8OJ4K93MD,83,372840293275799,コロ,HBUK6F7CC,乙宗梢なりきり部,1
7VGVR7YBY,84,372760057002452,BANGYOUグ,FVJFA973A,蓮ノ空愛好会,1
FSHR5FP4W,85,372672790835821,Kian,0B4LPDY69,巣〜極楽〜,1
VX6FL3EOS,86,372463964962370,ミミル,MAJT0THVB,眩耀夜行,1
XCRX2GAFB,87,372224051799793,なる,WN5B7VKPU,きんぴられんこん,1
NY9X4SWNC,88,371535354275221,くりマロン,BKLW6CR5L,Mix鮭の空!!,1
LQEN0GFVZ,89,371481926240344,ごろーざ,FVJFA973A,蓮ノ空愛好会,1
MHUB8095B,90,370848726456049,どらろー,25PMPEMG7,星見プロ,1
QUQRGUWJL,91,370300891374673,にしおり,F2CFWVMY9,藤島め組,1
9RV301LEB,92,368049637940055,いもむし,GXR6C85BT,花帆ちゃん親衛隊,1
PG3THEV4C,93,367836675438340,あお,EYN9H9N16,蓮すきすきクラブ,1
7XT268BWG,94,367480914676029,冬はこずめぐ,FVJFA973A,蓮ノ空愛好会,1
RV0TDDA7D,95,367341540282278,ブリてっか,BKLW6CR5L,Mix鮭の空!!,1
B6XUHLVUZ,96,366834401753758,ればにら,RFYKY8DCD,LA.LA.LA,1
935BA0WHY,97,363484834721043,にむ,11FB0EDDT,スクステ同好会,1
6VAVCA9BY,98,363121761926713,アドマイヤズーム,BKLW6CR5L,Mix鮭の空!!,1
9L52YPRA1,99,360947609326907,ハミングバード,FVJFA973A,蓮ノ空愛好会,1
L13896J13,100,360192990287284,XLD,MAJT0THVB,眩耀夜行,1
NOB5KDBV6,101,359089783115202,しる220,0UT59MJ8U,かほすこ同好会,1
DRSNNTTME,102,358868938496133,もや,YE7CX8RNP,能京カバディ部,1
IMAK5NFHF,103,358778246154715,よもぎ,YE7CX8RNP,能京カバディ部,1
LKY79HKFR,104,358660636924985,こずかほ聖誕祭,FVJFA973A,蓮ノ空愛好会,1
XB2VHAJYV,105,358658285198914,まさお,GMEF2K8DL,花咲く泥も好き²,1
BJI9H7CC6,106,356489807954325,エイジ,KW0RM1LEP,はすっこくらぶ,1
4KFUM6ADN,107,355576224886012,らりるれろさん♡,M5LHG6R4T,乙宗動物園,1
K137HR419,108,355198923889628,しょうご,VW65MCVF8,スリスリーズ,1
LVRF4GDVF,109,354845712673751,たぬ,VW65MCVF8,スリスリーズ,1
ZYAP6N76H,110,354558296897744,ぬわぁんでよぉ,BKLW6CR5L,Mix鮭の空!!,1
838S79KWG,111,354366805942939,紅蓮の破壊神,BKLW6CR5L,Mix鮭の空!!,1
HY934N56T,112,354102106240222,キラメキふたつ星,BKLW6CR5L,Mix鮭の空!!,1
TXTPD6OZ9,113,353793135595689,stella,BKLW6CR5L,Mix鮭の空!!,1
W51RD80OU,114,353275165990768,赤飯のごま塩,49AMYCXCD,ルドベキア,1
DES39P1DL,115,352212988202280,ェ宮士郎,YE7CX8RNP,能京カバディ部,1
WP2XGUKDR,116,352043670499931,はむはむ,B5V2LNN43,WMW,1
GRN5C49P3,117,351354358901974,ステCメン4野郎,VW65MCVF8,スリスリーズ,1
K8XN5UVA3,118,351308925410499,ツインドアノブ,W26TRPM1R,めぐ党藤島派,1
X0N1L475X,119,351225262516098,ぼた餅,J7N4W6Y1K,こずミックラブ♡,1
M8KSSVGQS,120,350913439650915,真っ赤。,BKLW6CR5L,Mix鮭の空!!,1
P73RHEK4C,121,350007371237047,ゆあちゃ,KW0RM1LEP,はすっこくらぶ,1
1FO8RWDNB,122,349873965466850,色違いスターミー,YE7CX8RNP,能京カバディ部,1
W0WYHMBR4,123,349155192898929,リョータ,3BDTCERX6,打ち返した流れ星,1
76L1SWWX0,124,348506973684569,カプ・デカホ,GXR6C85BT,花帆ちゃん親衛隊,1
SKN67I1NN,125,348219262584799,在床上睡覺,MAJT0THVB,眩耀夜行,1
RKVK0YI1L,126,347668874588804,おらぴさん,1BME38BCD,さすさやクラブ,1
J9E2BXTUR,127,347502454167658,そーや,YE7CX8RNP,能京カバディ部,1
7VE9T0CUP,128,347380863184514,村・フン民,PBRDPWEY1,村村会,1
JAG81QH05,129,347370652296977,たらみ,GXR6C85BT,花帆ちゃん親衛隊,1
P4ZNDWHDA,130,347304452996464,どんき,GXR6C85BT,花帆ちゃん親衛隊,1
152BPF239,131,346723343702657,たると,YE7CX8RNP,能京カバディ部,1
ZNS2C16VP,132,346017371687108,トニー,WX1DYC9Y1,ラナンキュラス,1
N6KDBV2A2,133,345827255662095,ハンバーグ,7R8NKPAB1,花帆推し倶楽部,1
ODE064I6J,134,345250205140017,ちあき,M5LHG6R4T,乙宗動物園,1
Y2LLTQ4MF,135,343509870357800,Lautrum,M5LHG6R4T,乙宗動物園,1
8DV5XX99R,136,343390560597907,あぐ゛,25PMPEMG7,星見プロ,1
8DSWY1SNL,137,343279398102116,お茶とコーヒー,HBUK6F7CC,乙宗梢なりきり部,1
C9325WMEN,138,342739533167059,パラソーシャル,PBRDPWEY1,村村会,1
XTY4GG18V,139,341686675181539,こーりん,1BME38BCD,さすさやクラブ,1
P4LVRKG9L,140,341108826295628,月見海月,RFYKY8DCD,LA.LA.LA,1
7Q17H65NQ,141,340687672123915,mitsu,YE7CX8RNP,能京カバディ部,1
VDNBJFHAE,142,339011635389630,稲妻葵,FVJFA973A,蓮ノ空愛好会,1
67GP30NUW,143,338363886560668,yuba,11FB0EDDT,スクステ同好会,1
L71LEGR49,144,338060292476043,かんなぎ,3BDTCERX6,打ち返した流れ星,1
6X3LMM5NH,145,336777799821827,ズライカ,X7C21B7H7,泥,1
VD8CGKV44,146,336301088246800,のたく,79C17CHA2,蓮ノ空出張部,1
JFND2KZVS,147,334575275957368,ルビジウム,FVJFA973A,蓮ノ空愛好会,1
PLE67URFB,148,334317921559292,DasserAN,MAJT0THVB,眩耀夜行,1
CCQ5QCTL1,149,331884286083262,琥珀,GMEF2K8DL,花咲く泥も好き²,1
AL804BYBX,150,331750682094752,はなぶさ,YE7CX8RNP,能京カバディ部,1
KWSACZISO,151,331713513555547,すずき,CTW8DKV5P,まったり,1
12Y4UB4XJ,152,331051793267508,かぴたる,49AMYCXCD,ルドベキア,1
KWNXKNY6X,153,330865872458080,ぷいにゅー,49AMYCXCD,ルドベキア,1
5W83UKK4H,154,329787025277450,望月,1BME38BCD,さすさやクラブ,1
8HYVGQUX7,155,328767705892284,まさき,CXG25026E,泥のみんなS,1
U8OROTM2Y,156,326871453703743,なってしまった！,YCTM6RYDP,金沢おでん同好会,1
GTVU8FY2P,157,326736341534426,963^3x2,FK5MUK0ET,くる♡すきクラブ,1
EFW2PMAHB,158,325871561368246,くら,ABALH0AL3,楽園計画,1
4YTEQDE04,159,325651135587841,まんまる,EYN9H9N16,蓮すきすきクラブ,1
ME00V6X4B,160,325302143948283,オラトニス,BKLW6CR5L,Mix鮭の空!!,1
AFMBX6BPP,161,325189127427522,美鳩AGE,PBRDPWEY1,村村会,1
34QCZTDD9,162,324675882480068,ベルりん,J8HXTJ8TB,流し素麺同好会,1
7YZUF27YY,163,324513458035437,ユウキ,11FB0EDDT,スクステ同好会,1
J5GI3NA6M,164,323742577618534,林檎林檎アップル,GXR6C85BT,花帆ちゃん親衛隊,1
AKMY82517,165,323124896419485,いずのあいさん,VW65MCVF8,スリスリーズ,1
MTS3N3QJK,166,322825489730869,rifotaku,D5A2EEG7F,わたくしは大丈部,1
FYK24K9Y1,167,322786786325166,卓球,HBUK6F7CC,乙宗梢なりきり部,1
8JKPKHDHC,168,322082530118527,2252,EYN9H9N16,蓮すきすきクラブ,1
BYUQ1C0VJ,169,321473524021362,かわしゅん,PBRDPWEY1,村村会,1
RFP277XPM,170,320870162407703,スガ,11FB0EDDT,スクステ同好会,1
6PNANEUV0,171,320654043029816,なの,WN5B7VKPU,きんぴられんこん,1
1AZ5EJR7Z,172,320058105169568,Inahime,X7C21B7H7,泥,1
EMFP5HG3T,173,319394279017012,さりっく,GXR6C85BT,花帆ちゃん親衛隊,1
QH44G80K9,174,318869961689125,ぱとんく,11XTEEEJT,リンクラ料理部,1
K7QAEXJLJ,175,317695736074865,のりすけ,49AMYCXCD,ルドベキア,1
8W61A02JJ,176,317303155272755,ごんべん京,W3YKKRWHG,ルリと愉快な一家,1
8ZJCO1B8D,177,316858656165942,G4張り重要,VW65MCVF8,スリスリーズ,1
8E70ID58F,178,315383157228507,あるとす,WN5B7VKPU,きんぴられんこん,1
IN27C39RY,179,312790256014357,スス,9YM3DBTB7,泥民館,1
CL0CDYUYY,180,312130352190430,かなんまる,PBRDPWEY1,村村会,1
45NY6HUBX,181,311840515515114,かいこ,25PMPEMG7,星見プロ,1
MNUBWRC8C,182,311614566356237,でした。,R1RM3X0WV,後方腕組みオタク,1
V578L0R6J,183,309504583669113,mion,AXG81GPMP,蓮ノ空マタギ部,1
KXMPLAX04,184,308521957310971,ろーぱす,BKLW6CR5L,Mix鮭の空!!,1
JC33CNHML,185,307983697169513,カスかす,PBRDPWEY1,村村会,1
9NMP2LJU2,186,307749049658081,くぼっち,KT4C59NXG,めぐ島,1
ME5HX7LK3,187,307730591025106,归于虚幻,MAJT0THVB,眩耀夜行,1
45VJN76RA,188,307356359457367,りんご工場,EYN9H9N16,蓮すきすきクラブ,1
TF3P7YXVG,189,307203513715984,クリスタルティア,VW65MCVF8,スリスリーズ,1
FDXBWBH2B,190,306939531500563,あおっち,11FB0EDDT,スクステ同好会,1
L2DNOMKBV,191,306004195876975,レーン,0TKFF5EG3,サークル名募集中,1
49TUEFEKF,192,304747974664227,もふもふまじん再,V6VCA0C4N,ドル家の『D』,1
RBOS9CUIB,193,303681067046774,たわ,W3YKKRWHG,ルリと愉快な一家,1
LD542Q15X,194,302862327347165,よぜ,YDYH4VRRP,レンクウ,1
70NE2637U,195,302266879631780,りふいっと,BKLW6CR5L,Mix鮭の空!!,1
W6WFFMRAU,196,301814420244119,ほむまん,0UT59MJ8U,かほすこ同好会,1
T09VDOIFQ,197,300483973017635,ぼぬ,998H940YN,お嬢様筋トレ部,1
FYCBDQWGV,198,299969154532436,コトブキ,AXG81GPMP,蓮ノ空マタギ部,1
NLNKEMVRB,199,299496267430548,高町なのはな,FVJFA973A,蓮ノ空愛好会,1
5K59F4UVE,200,298875792342191,ガチャ至上主義,11FB0EDDT,スクステ同好会,1
L6A36K16J,201,298761918124453,08077777,FK5MUK0ET,くる♡すきクラブ,1
ROKS5RRX4,202,298637577504916,れんこん,BKLW6CR5L,Mix鮭の空!!,1
ERW5FZJ1H,203,297826363055480,藍 (あい),Y2R7E79U3,カワウソ同好会,1
ZAHTN08A4,204,297681154003250,まいにち,WTJV514G9,蓮ノ空のお弁当屋,1
8YL7FPM4D,205,297104704070769,丸メガネ,FK5MUK0ET,くる♡すきクラブ,1
RD2UKKFRU,206,297098208228213,ヒツジグマ,D5A2EEG7F,わたくしは大丈部,1
JGREF0BPV,207,296795249409118,風花,494DMR1RJ,蓮ノ空推し活部,1
FN9BYATDE,208,296312761816057,EVO,11FB0EDDT,スクステ同好会,1
AT03UHE11,209,295683349928798,えむ,25PMPEMG7,星見プロ,1
ZYR6MKI25,210,295042026660002,Ringo,L15B25270,蓮女マネージャー,1
ZHVYQOXPW,211,294948042738042,たかやん,VW65MCVF8,スリスリーズ,1
BRJ0XWX77,212,294788594830275,しいのき,EYN9H9N16,蓮すきすきクラブ,1
JIKYKGGNX,213,294772372826931,ぬー,HBUK6F7CC,乙宗梢なりきり部,1
FRTXRTHK1,214,294722166073645,コルド,49AMYCXCD,ルドベキア,1
7F72YZWZM,215,294645241046021,K-GO,W3YKKRWHG,ルリと愉快な一家,1
LWHJCVJ19,216,294091736705634,小泉コン,FC8NBAJBT,ラー麺二郎金沢店,1
8DM3VEOM6,217,294007188984119,のん,GVT61ATX0,なのだけれど,1
68X4A67UG,218,293541057066452,いたこ,FE282F3VH,天悶部,1
V6X4BPJ37,219,293269520382781,SHIRO,G59NGM0XA,シュリーレン,1
NXLLUPEY0,220,293257545820697,ゆ〜いん,R181MKNX1,みらくらは人生！,1
DYY5UB5XG,221,292673762871595,ミツキ,F2CFWVMY9,藤島め組,1
MY1FSZGKQ,222,292497580517832,カルビ,M5LHG6R4T,乙宗動物園,1
CH6EH94XB,223,292493429202411,ばやしこーと,VW65MCVF8,スリスリーズ,1
BMM78P2WR,224,292462801153728,(・8・),M5LHG6R4T,乙宗動物園,1
W3RBWWDYM,225,292247401631820,ドルバロム,VW65MCVF8,スリスリーズ,1
J4NN3D06A,226,291870089376730,斯波,FVJFA973A,蓮ノ空愛好会,1
DCU9XHY3U,227,291737945831429,しばひめ,YE7CX8RNP,能京カバディ部,1
K8XEDFZF2,228,291655911160264,だいこんばたけ,8R49BTWW6,蓮女お嬢様クラブ,1
NFXWH51T4,229,291143020734221,そら,KT4C59NXG,めぐ島,1
R2YH223CW,230,290755949173529,惑星デットライン,FVJFA973A,蓮ノ空愛好会,1
YVGO9EHKS,231,289604175708754,やたペン,HBM31HMUY,YUKIZURI,1
C7IMXOP79,232,289116793371803,ナーガ,,,1
CZKJL4VOV,233,288884678726204,キラークラブ,FVJFA973A,蓮ノ空愛好会,1
CRBY4XCB9,234,288377594729857,すべゆるお,VW65MCVF8,スリスリーズ,1
3FE67G88N,235,288323973309844,えーすい,Y2R7E79U3,カワウソ同好会,1
OOC27PRN6,236,288263169981635,リリィ,DH6C5B7WF,蓮ノ空FC,1
GUAB3EU9H,237,287020038181057,くろこぶ,946GHDWF2,まったりハスら～,1
BFERXX3NE,238,286705482001602,SE,YFADYJVW4,FPS好きクラブ,1
0GN74WMV4,239,286556373178791,にしきた,8JMW9G2XW,僕らのリンクラ！,1
YHD181KD3,240,286465439430715,an@,KND3T7056,ぽかぽかモガの村,1
XTSJ3L8IV,241,286192460960652,Liba,FC8NBAJBT,ラー麺二郎金沢店,1
9FCM2N4CA,242,286187292132130,臨倉奴太郎,FVJFA973A,蓮ノ空愛好会,1
CPU567Q5P,243,285997887538059,あいざっく,8M6UDX260,ぽけもん好き,1
7PLTVA4SD,244,285833547726700,どんきち,M5LHG6R4T,乙宗動物園,1
MNV5KYXG7,245,285727705261261,六天,GXR6C85BT,花帆ちゃん親衛隊,1
C9DT5IUUS,246,285309799664555,みしゃにー,NDFW9C99C,素鴨のピクセル,1
91HY4FXBS,247,285281577271818,ももこ。,BKLW6CR5L,Mix鮭の空!!,1
OC4GF3LF1,248,285007233609548,ゆとり,M5LHG6R4T,乙宗動物園,1
1VM9SAJVY,249,284641244706478,ユデジロウ,FVJFA973A,蓮ノ空愛好会,1
XBQ9DY9FG,250,284637328846492,店長,3A63DYH54,LLすこすこ部,1
P4BD94K88,251,284122495852082,ﾛｰﾗ･ﾘﾙﾚ,11XTEEEJT,リンクラ料理部,1
3V4MPBM53,252,284101517699993,oheechan,X7C21B7H7,泥,1
UPWIH0P3R,253,283889358653255,アルカナ,2B97MH4YA,同じ話し何回も…,1
4N9BBW8FA,254,283352260139564,レベレンドX,PDMPF3VVV,r/LL,1
K9XRZKF6W,255,283187412285820,凰沐,MAJT0THVB,眩耀夜行,1
P3O3FFU0F,256,283107153091787,てんま,EYN9H9N16,蓮すきすきクラブ,1
4L1WIM8NX,257,282864693602625,素敵さん,73CBYJYB0,"oNM,",1
DPQ6HPBXJ,258,282675055888417,黒い秋,49AMYCXCD,ルドベキア,1
AK6AYMM19,259,282167095811631,ごろよん,PBRDPWEY1,村村会,1
318D0NMN0,260,282166580897513,たまちゃん,4XRHRYDW4,無言でエンジョイ,1
LDLTRQ88V,261,281996708543478,しらたま,YCTM6RYDP,金沢おでん同好会,1
BJ2YEFM93,262,281019131729378,テンババア,EYN9H9N16,蓮すきすきクラブ,1
AJ713D5X4,263,281014931051266,キョウ,RFYKY8DCD,LA.LA.LA,1
845LY9UX1,264,280778205056782,鈴木さつき,WN5B7VKPU,きんぴられんこん,1
Z55OCBCZ1,265,280040129698348,すこや,RFYKY8DCD,LA.LA.LA,1
RRW2O1DH8,266,279775196038954,ふかひれ,49AMYCXCD,ルドベキア,1
19KYGA4WX,267,279723446886455,すがピ難民,25PMPEMG7,星見プロ,1
O3F93YCLH,268,279520896477923,あおい,B5V2LNN43,WMW,1
P2ENLR3NN,269,279493813710657,ﾉﾚcｲ´=ω=,V6DV6KETG,梢好き好きクラブ,1
PN1BVA6D1,270,278907336826690,こはら/えびぷと,X7C21B7H7,泥,1
H4CWPEX7A,271,278838041182211,カイ,GXR6C85BT,花帆ちゃん親衛隊,1
M30MWLT24,272,278459303243113,ゆあゆあ,05KN1RR3U,さやかほ花卉園,1
K72PH1O9S,273,277862019629016,わっぴ,9VVUHVLTK,はすのひよこ,1
1T04PFEX5,274,276076918335602,がちはむすたー,X7C21B7H7,泥,1
ONG0YLGRM,275,275845805812669,でぇーき@めぐ党,11FB0EDDT,スクステ同好会,1
DZD7E4Z46,276,275556649540909,チャックん,J8HXTJ8TB,流し素麺同好会,1
MY9GFUXVC,277,275201817085098,きっくー,BKLW6CR5L,Mix鮭の空!!,1
X5BDM3S3M,278,275033828712214,たっつー,RWARTHA1M,乙宗梢大好き部,1
DLSZMF1HF,279,274868462603169,小牧,11XTEEEJT,リンクラ料理部,1
G9KY68ADP,280,274597717821684,よっしー,JE7V5MM31,蓮ノ沼に沈んだ泥,1
4FC73IGQN,281,274401383288574,Suguya,0UT59MJ8U,かほすこ同好会,1
3U8FCLD8W,282,273685874621788,すけ,HBM31HMUY,YUKIZURI,1
MC10A5K27,283,273571848207915,マヒナペ,0UT59MJ8U,かほすこ同好会,1
TSIWHEG61,284,273248452429999,らぁら,11FB0EDDT,スクステ同好会,1
TRLEB6AD0,285,272446662623207,ねんねこ,FC8NBAJBT,ラー麺二郎金沢店,1
10NAV71GP,286,271771557433173,あばば,MAJT0THVB,眩耀夜行,1
NK48LNWT8,287,271067983101666,BaNおぢ,1BME38BCD,さすさやクラブ,1
OJ8LRLQKO,288,271025583826857,抹茶あいす,1DU9LCND7,蓮ノ空すこやか部,1
VG14SJGHN,289,270644913891794,りょっぴー,FC8NBAJBT,ラー麺二郎金沢店,1
A1YL665HX,290,270155950735555,dai,YCTM6RYDP,金沢おでん同好会,1
E660BE5X1,291,269956822219612,ロコモコ丼,494DMR1RJ,蓮ノ空推し活部,1
C0H1DSB02,292,269778834808684,aoba,EYN9H9N16,蓮すきすきクラブ,1
459PSW19L,293,269586745161435,おり,998H940YN,お嬢様筋トレ部,1
SSDM1G282,294,269500286659888,ポポノタン,9DKR4Y2CJ,蓮ノ空老人会,1
5GUR9X53N,295,269321621418642,すてぽ,2B97MH4YA,同じ話し何回も…,1
EEODMO0PN,296,269295267556160,kazami,VW65MCVF8,スリスリーズ,1
3B3N2N19F,297,269102793692903,ゴリリン,0DT3GEJ6C,BBF 金沢支社,1
MY2P7YB3V,298,268404287163958,saku,W3YKKRWHG,ルリと愉快な一家,1
ALF76WC94,299,268285636454913,あかつき,RWARTHA1M,乙宗梢大好き部,1
C3F3E5F3Y,300,267002811957997,TATSUYA,VW65MCVF8,スリスリーズ,1
PJYEBRURT,301,266702983460540,しょーじ,CTW8DKV5P,まったり,1
L7JJ2A0Y8,302,266636288596885,たっつん,KXU941RFJ,梢先輩おめでとう,1
H9GK7YEJ1,303,266410177078369,消耗品さかさま,V33FGRFC4,1限目に遅刻ラブ,1
DJFBBUV8E,304,265783694458041,トルコ,WN5B7VKPU,きんぴられんこん,1
HU55NKXPK,305,265281771479056,たっち,EYN9H9N16,蓮すきすきクラブ,1
8XGER9Q5Y,306,264177443031664,ひろ,11XTEEEJT,リンクラ料理部,1
ND6DAW05J,307,262816398549700,パトリシア,M5LHG6R4T,乙宗動物園,1
C1Y7XAVVD,308,262559142647216,keita,0TKFF5EG3,サークル名募集中,1
81GLQQIAH,309,261914948893471,ジンベイ,6XX7GBM0K,ぷちぐる同好会,1
N9NJTPBZH,310,261808100516920,ニコ,W26TRPM1R,めぐ党藤島派,1
C8J195ETT,311,261173805655864,Ayumu,MAJT0THVB,眩耀夜行,1
WT4NZ287K,312,261032070090005,はなたば,KXU941RFJ,梢先輩おめでとう,1
RK1U34LGB,313,260749089819429,亀タンク,JDAG79TG7,百合ノ空観察部,1
38UURDB7I,314,260652991768416,ヒロイン,FK5MUK0ET,くる♡すきクラブ,1
B1480XVVT,315,260541759755256,ハミィ,0UT59MJ8U,かほすこ同好会,1
NG3YLD3WC,316,260458037982888,たそーら,73CBYJYB0,"oNM,",1
DFSDK0DC1,317,259156296183573,Exas,KW0RM1LEP,はすっこくらぶ,1
CS46LXDBO,318,258856443819692,ひらひら,RFYKY8DCD,LA.LA.LA,1
GXADUIMKY,319,258140124567050,みず,G59NGM0XA,シュリーレン,1
0IEZ2HUX7,320,258084396052152,はる,HBM31HMUY,YUKIZURI,1
4L6ELEBZY,321,257808512337203,ぷっか,BKLW6CR5L,Mix鮭の空!!,1
N198BK2ZK,322,256418191310347,Nyon,M5LHG6R4T,乙宗動物園,1
QKB6JFPJ4,323,255996890996538,ふぁふま,WX1DYC9Y1,ラナンキュラス,1
4VWR0PK2P,324,255779761252055,ジャガー,X7C21B7H7,泥,1
NC9GIFJB0,325,255450357186846,だむ,FVJFA973A,蓮ノ空愛好会,1
W4V6K6F39,326,255238232324842,ぴーまん,N1DJVPGP8,いつでも咲けるよ,1
OR2FS00BH,327,254425291173392,あぼます,494DMR1RJ,蓮ノ空推し活部,1
RGE7T0KWP,328,254411537562115,なるる,49AMYCXCD,ルドベキア,1
FPUMD8XCP,329,254076457173498,Atsushi,KULVP7FDR,アニマル分室,1
MMQ9SKZMR,330,253995956358724,"赤福oNM,",73CBYJYB0,"oNM,",1
7A2IGCZZY,331,253905137320753,のぐまん,RFYKY8DCD,LA.LA.LA,1
U587LWLVX,332,253796120741871,asagi,RWARTHA1M,乙宗梢大好き部,1
A2AFNK3F0,333,253635165898847,やっしゅん,W3YKKRWHG,ルリと愉快な一家,1
8Q0P3A5Y5,334,253167056332809,よしお,CM5THHYHB,「」ノ空だけれど,1
X8CGHMUJO,335,252674103785691,さか,RFYKY8DCD,LA.LA.LA,1
D47ZTCSNE,336,252518521316086,与謝野ユキオ,HBUK6F7CC,乙宗梢なりきり部,1
371BE8VD3,337,252308242293217,シュリ,HBUK6F7CC,乙宗梢なりきり部,1
84U35FCIX,338,252185655861670,じゃじゃ,YCTM6RYDP,金沢おでん同好会,1
8VNOEJXKL,339,251761915255746,めじろ,X7C21B7H7,泥,1
8XVGBRB0R,340,251510615576193,ピートミッチェル,49AMYCXCD,ルドベキア,1
3IQMB1JNB,341,250893895710926,さしすせそ,N8L41JAA7,無言 ノルマなし,1
0R6JF8Y94,342,250859270061586,ししゃーも,D5A2EEG7F,わたくしは大丈部,1
MT9XVRL4Y,343,249820479293943,レプリカ,11FB0EDDT,スクステ同好会,1
G8M0NAAWE,344,249781159998497,花帆♡,FK5MUK0ET,くる♡すきクラブ,1
PZPKKFNZ5,345,249743170360112,Asuha,0UT59MJ8U,かほすこ同好会,1
UGL8LNHRY,346,249705633594584,シグマ隊長,HBUK6F7CC,乙宗梢なりきり部,1
QVXRHXGXB,347,249697164178661,みなるい,6XX7GBM0K,ぷちぐる同好会,1
T04LMQKYW,348,249182543286167,がぬ,1BME38BCD,さすさやクラブ,1
GGFPWA50K,349,248550237266293,ゆ～仮,9YG7C0VM7,綴理と無言で昼寝,1
TQX0EQZK8,350,248500502440824,そらた,W26TRPM1R,めぐ党藤島派,1
74NVPKIGI,351,248485305339942,"なめろうoNM,",73CBYJYB0,"oNM,",1
V7YLMH2IY,352,248205300845187,ゲッコー絵森ア,BKLW6CR5L,Mix鮭の空!!,1
3U37YD7G6,353,248157144923008,くぃ,W26TRPM1R,めぐ党藤島派,1
DEVDG82YE,354,247825611601403,ジョーくんケツバ,N0EXH1CM1,ぱちぱち徒町,1
KYXUCDX5P,355,247770906619074,米豆梨（みどり）,9YM3DBTB7,泥民館,1
VMKV4GULN,356,246983956810806,SGWA,DH6C5B7WF,蓮ノ空FC,1
QZCRZT8AR,357,246792359010455,輝く流星,J7N4W6Y1K,こずミックラブ♡,1
12GTXCH5V,358,246543106125226,Juice,7XH3K4GBT,LLP,1
JKRUFH2CH,359,246535069562778,双方,,,1
EU76L0TJ7,360,245757817721989,とまき,EYN9H9N16,蓮すきすきクラブ,1
WYT65FE8G,361,245361438579971,ティーカップ,MAJT0THVB,眩耀夜行,1
FCED0MOWI,362,244869565961530,つかべん,RWARTHA1M,乙宗梢大好き部,1
DCS0MRXJM,363,244819483591904,えせ,L28X4MDJN,アフター観たいぞ,1
L8ABK1O0Y,364,244772904929268,きゃわ,HWMV33W7Y,フラワー泥民館,1
2XIASO3ML,365,244731087889401,もの。,,,1
P9G0536CW,366,244444437667953,みっつー,WTJV514G9,蓮ノ空のお弁当屋,1
01F0ML4X6,367,244096061903857,TM,PPAHU1TNY,蓮ノ空のんびり部,1
J63BU63IU,368,243287802343493,イクコウ,M5LHG6R4T,乙宗動物園,1
I487A8G0C,369,243066572059922,わいえす,B5V2LNN43,WMW,1
URT1M3CIM,370,242940534758210,おハル,1BME38BCD,さすさやクラブ,1
0DKJN8WXG,371,242850482425990,ごまっチョ,KW0RM1LEP,はすっこくらぶ,1
KJ69D4PA4,372,242810634754224,ぱん,G59NGM0XA,シュリーレン,1
VVRBWNSVQ,373,242200384256364,かんべえ,WN5B7VKPU,きんぴられんこん,1
ZUIWXH7GR,374,241905563775419,オバタさん,79C17CHA2,蓮ノ空出張部,1
4F1HIHA3J,375,241399782152051,きびだんごうどん,11FB0EDDT,スクステ同好会,1
A24H959V1,376,241258790746877,やまう,7R8NKPAB1,花帆推し倶楽部,1
D8MCKLGHY,377,241208848705465,じゃからか,M5LHG6R4T,乙宗動物園,1
7RKDSBKXW,378,241153898506697,あらさん,11FB0EDDT,スクステ同好会,1
BE9A0VUV4,379,241126677956798,ももぎん,FVJFA973A,蓮ノ空愛好会,1
WHNM1AT9N,380,241095168067809,チャッピー,W3YKKRWHG,ルリと愉快な一家,1
YLYWCNDGK,381,241078887042809,中須かすみ,FC8NBAJBT,ラー麺二郎金沢店,1
FYG0EH5AJ,382,240955571886660,R’s八重歯,W26TRPM1R,めぐ党藤島派,1
02DY8MLAP,383,240546719383443,蓮き,MAJT0THVB,眩耀夜行,1
4NF07ZA7K,384,239622184928545,ゆーさく,VW65MCVF8,スリスリーズ,1
UYYHXRA6K,385,239589475516872,めぐみん,V4A5MP41E,徒町チャレンジ！,1
M13CTUF6N,386,239570592597606,ニール,49AMYCXCD,ルドベキア,1
EEOUGZ125,387,239019830321775,黎,6H800PBV7,新鮮館,1
NJTVVJ3AR,388,238397949684479,もつに,EYN9H9N16,蓮すきすきクラブ,1
QKGZEPZSH,389,238354134610143,敲可愛的酒瓶子,MAJT0THVB,眩耀夜行,1
ZA8HHDJM4,390,238229723503869,中川夏紀,B2KV0EVPD,蓮ちゅきクラブ,1
80YJPN7V1,391,238143143036275,シガナ,25PMPEMG7,星見プロ,1
R41E9H88J,392,237829239004537,Uすず,V6DV6KETG,梢好き好きクラブ,1
PFE7K6YNC,393,237624298633577,テニサー幹部,GXR6C85BT,花帆ちゃん親衛隊,1
CX5BX990E,394,237347467551508,フツ奴,WN5B7VKPU,きんぴられんこん,1
1KEVDVFF9,395,237168922324347,のら,WN5B7VKPU,きんぴられんこん,1
71CYB5LAJ,396,237097217074869,梓弓,D5A2EEG7F,わたくしは大丈部,1
M1EW1RNYV,397,236288470521891,yamaso,FC8NBAJBT,ラー麺二郎金沢店,1
XKLJ2EBER,398,236092711488195,シェフカワサキ,Y2R7E79U3,カワウソ同好会,1
8CWB97P1N,399,235881996883869,おだんご,GXR6C85BT,花帆ちゃん親衛隊,1
2WT4NHVZ5,400,234919319786945,のぞのぞみん,11FB0EDDT,スクステ同好会,1
F8BJC61BY,401,234909989597821,全力幼_女,3HDDYR4FU,旅人,1
F1V3359M0,402,234616304591448,キノ,V4A5MP41E,徒町チャレンジ！,1
V0ZZGADWZ,403,234457665769733,でち,5W8RPRVUA,ド！ド！泥！,1
3KVF51XYR,404,233915457567146,わかめ。,D5A2EEG7F,わたくしは大丈部,1
IPI65P1CN,405,233741302423539,Maru@@,R9TC4WP0R,はんぺん同好会,1
AJMEJX0KG,406,233544699544372,こーか,B5V2LNN43,WMW,1
FWJDTTNBY,407,232844141094518,超ベジータ,494DMR1RJ,蓮ノ空推し活部,1
2UCZTQIV2,408,232823683257699,E5,EYN9H9N16,蓮すきすきクラブ,1
BDA4ZLNWU,409,232780837461934,ふうら,8J1GJT2BC,近畿の大金沢,1
G35B741AK,410,232645606945573,矢澤,HBK6KCRPP,無言でおけ,1
4TIMH0CPX,411,232645208232950,ソフール,KXB93FVTR,フラワーガーデン,1
AM452HHNN,412,232545136424537,ゆりし,LUDNM40F8,ふくふく無言OK,1
LV8A14V4F,413,232541742413015,ゼンマイ,CTW8DKV5P,まったり,1
B0KUNBVED,414,232428650768750,みっくん,R1RM3X0WV,後方腕組みオタク,1
ERMMD0NND,415,232276809051712,ふぐ,49AMYCXCD,ルドベキア,1
4WPGNU9FX,416,231969584489361,ラミュタス,BCJRMHE75,梢すきすきクラブ,1
48C2DLNJY,417,231805571782532,鬼ヘッド,D5A2EEG7F,わたくしは大丈部,1
T8W3G9VWA,418,231606585210935,とれいん,GKR9TEBYC,毎日がホリデイ♪,1
9MW641WL4,419,231400152682002,KRMCTH,YFADYJVW4,FPS好きクラブ,1
72CKW0EAA,420,231314407062225,にっぴー,PBRDPWEY1,村村会,1
L2WFYHDCX,421,231230577258500,khani,0TKFF5EG3,サークル名募集中,1
74M5NJZTF,422,230865663144560,lanndamu,RWARTHA1M,乙宗梢大好き部,1
F8KHAHURM,423,230441264503813,スバル,JTX1G19BP,さやかほ癒し会,1
XK44KNPLR,424,230151253816344,C_T4KE,GXR6C85BT,花帆ちゃん親衛隊,1
JLADG5GPX,425,229775228766156,うぇすとれ,414CEUPEH,アフター見よう！,1
CHJFWLKCN,426,229758916144261,wag,JDAG79TG7,百合ノ空観察部,1
TFGJ6BEY9,427,229523482736377,がっくん,V6DV6KETG,梢好き好きクラブ,1
53RKA95PI,428,229284442263426,こはく,0TKFF5EG3,サークル名募集中,1
9LL7HBP0W,429,229005014115172,ALKY,X7C21B7H7,泥,1
SCMDKG93Z,430,228353385898426,らい＠まったり,CTW8DKV5P,まったり,1
5UT1FEC2R,431,227892361210107,みけ,N1DJVPGP8,いつでも咲けるよ,1
VLVZCU5K1,432,227867695072373,ひなつき,B5V2LNN43,WMW,1
UYWXG3CKZ,433,227595940154973,はすた,GXR6C85BT,花帆ちゃん親衛隊,1
U8MEXM43B,434,227439014461771,千歳,M5LHG6R4T,乙宗動物園,1
7G220TFD5,435,227408296496974,たっと,CVJYALRGU,ラ！の会,1
FZDZW0KWF,436,227262576861849,つづさや〜,PDMPF3VVV,r/LL,1
455CW4684,437,227214985319263,キングカズキ,W3YKKRWHG,ルリと愉快な一家,1
E98RC4JEB,438,227018466743263,ししまい,998H940YN,お嬢様筋トレ部,1
96LVLF86T,439,226792982926473,リョウ,2ULM366U6,毎日がエブリデイ,1
0NNB11D72,440,226482383954503,リック,W3YKKRWHG,ルリと愉快な一家,1
94GKSM6XV,441,226364883498220,ストレイド,BCJRMHE75,梢すきすきクラブ,1
PFBHDAGN8,442,226088791031456,ハレ,48BTAPMBG,蓮ノ空魔術部,1
PFLJMTJPB,443,225887736530665,カリウム,RXXUPMWB9,待機室跡地観測所,1
RVY1A8DYV,444,225793564105848,寒梢,MAJT0THVB,眩耀夜行,1
YJWW44VBR,445,225755889738578,ひの,RWARTHA1M,乙宗梢大好き部,1
6W15T8F42,446,225533202568543,しう,PBRDPWEY1,村村会,1
U9980M4WQ,447,225365723719814,ザキ,KW0RM1LEP,はすっこくらぶ,1
1Q6V88SU7,448,225275225709447,ぱるぱ,L3NN1RWMY,アポロベイ海賊団,1
FV1BRF9X0,449,225177697793770,あべこーorz,8M6UDX260,ぽけもん好き,1
V4BF6FLLT,450,225033750315420,あめたま,2K5AM4RV0,とろぺりです,1
F5W4O51H7,451,224798617986195,あねもねちゃん,49AMYCXCD,ルドベキア,1
OWS2KA4SW,452,224633437361077,ごみょ,FVJFA973A,蓮ノ空愛好会,1
L6CZJ4VSZ,453,224357543949099,Char,7XH3K4GBT,LLP,1
84CN09DR5,454,224175987648366,むすび,0TKFF5EG3,サークル名募集中,1
MTAZVZYZQ,455,224152511438051,あかば,8R49BTWW6,蓮女お嬢様クラブ,1
MP0KVW4HW,456,223845919564585,みみ,25PMPEMG7,星見プロ,1
F53XY7P9Y,457,223459059108294,ゆきち,BCJRMHE75,梢すきすきクラブ,1
HY34E4YKX,458,223356473303869,風,7R8NKPAB1,花帆推し倶楽部,1
EMJGXK3AN,459,223286562119738,あき,73N4AB3LR,かほ子のイオン,1
8E10AX3J2,460,223198132339089,CAPM,79C17CHA2,蓮ノ空出張部,1
VV8RPP6PX,461,223001514807239,umeo,WN5B7VKPU,きんぴられんこん,1
KSVQ1ADIM,462,222730364401615,もぐなむ,MAJT0THVB,眩耀夜行,1
7HUTLH24X,463,222194564471617,からすみ,07JW71HWG,良いチケで観よう,1
9NJQWNFN2,464,222039287224090,としひら,T045NDKW0,♬さやか愛好会♬,1
R1AFUW6D0,465,222015585695055,いまもん,0TKFF5EG3,サークル名募集中,1
V7D0CO8AN,466,221308263890535,Sugar,HBK6KCRPP,無言でおけ,1
C59J9TNAX,467,221280425551839,タイガンニール,CV62FGL1U,花咲かせ隊,1
VA58TGLF5,468,220978508755213,しょうぱな,M5LHG6R4T,乙宗動物園,1
0TLDUDJ0J,469,220961921567064,すとーん,25PMPEMG7,星見プロ,1
0AIT0SH3M,470,220853901007438,Pastel,M5LHG6R4T,乙宗動物園,1
4T6CLBPT1,471,220787729970428,かいじんさん,TXNCTRR1U,瑠璃乃推し隊,1
ME2W2BCWH,472,220546750582244,まっきー,2NY9H8BR9,乙宗紅茶館,1
GTCTFL925,473,220516128941563,あじたま,H837E0M9R,沙知先輩大好き部,1
9HG3AN9PE,474,220436016085245,しいたけ,GXR6C85BT,花帆ちゃん親衛隊,1
FG3GU6GA5,475,220094631296224,震,M5LHG6R4T,乙宗動物園,1
MAAQ0VBA5,476,219881754361356,モル,79C17CHA2,蓮ノ空出張部,1
GVYNT65U1,477,219491146280671,スバるん,494DMR1RJ,蓮ノ空推し活部,1
MF5AJYWR7,478,218792587102510,あさかぜ,25PMPEMG7,星見プロ,1
L76GX8WR4,479,218691084355138,SIU,EYN9H9N16,蓮すきすきクラブ,1
3T48QL4MY,480,218657561646536,るるる,11XTEEEJT,リンクラ料理部,1
PQHU8G8OV,481,218580473541256,ミナミ,FVJFA973A,蓮ノ空愛好会,1
2LLMP3JEA,482,218489272003042,かわや,0TKFF5EG3,サークル名募集中,1
V3J51SJ8F,483,218403616610399,ゆっきー,1BME38BCD,さすさやクラブ,1
7DWBCEDH5,484,218176597709559,無責任,HBUK6F7CC,乙宗梢なりきり部,1
7NCQUAL3N,485,218084706193774,ドン太,JTX1G19BP,さやかほ癒し会,1
92BAX6L8R,486,217935803603312,なかさん,EYN9H9N16,蓮すきすきクラブ,1
C930RLR4W,487,217228024761176,yunoji,BH244Y5H0,休暇建設協会,1
764KKEH5V,488,216850889564922,K,X7C21B7H7,泥,1
CK3Z00ZOB,489,216830296167337,vfk-yama,YD2XWWFA4,蓮好き好きクラブ,1
5Z53SYIYH,490,216595700783070,Shio,11FB0EDDT,スクステ同好会,1
XPNWDGIMY,491,216470888370087,すさ,5W8RPRVUA,ド！ド！泥！,1
7H13P2EPG,492,215608221466264,せとか,946GHDWF2,まったりハスら～,1
450AX5PRR,493,215327026913036,ねすこ,GUB0YLPWA,料亭「さち処」,1
VP8ALT1CU,494,215226280751913,どら,GXR6C85BT,花帆ちゃん親衛隊,1
THT84VUB7,495,215110726817838,オム,8M6UDX260,ぽけもん好き,1
2OCVD96VE,496,215063683170003,おじょう,4XRHRYDW4,無言でエンジョイ,1
DEWSI29MR,497,214929849072812,ARC,M5LHG6R4T,乙宗動物園,1
30CWC728L,498,214533084497925,naonao,GVY1F8C9D,花咲くラブライ部,1
GUUN5GB0W,499,213595201374824,むうげ,BKUHCT7WF,蓮女お嬢様部,1
EXJ5F3VAP,500,213490733600145,ゆいさ,0TKFF5EG3,サークル名募集中,1
A5PDNTPN2,501,213168331008716,ゴツゴツのアハン,GG56G6WKD,FF43企鵝冰屋,1
5T57VL8MF,502,213025351014338,シン・柳田・リリ,PBRDPWEY1,村村会,1
KN3FIHXL7,503,212592886385349,トミィ,RFYKY8DCD,LA.LA.LA,1
7TQ0F31K6,504,212264660626024,こらそん,1BME38BCD,さすさやクラブ,1
V8AFKEXP8,505,212129986229204,幻,R181MKNX1,みらくらは人生！,1
WIN8KLGAN,506,212086450799262,もり,1BME38BCD,さすさやクラブ,1
OYHRPRDN6,507,212030924732532,トマト先生,YE7CX8RNP,能京カバディ部,1
M6J593C9W,508,211817436818994,うらかつ,494DMR1RJ,蓮ノ空推し活部,1
NT480V79A,509,211728346509873,ゆざくら,PBRDPWEY1,村村会,1
UWJC8Y1Y5,510,211517188560251,ロマンティック水,2ULM366U6,毎日がエブリデイ,1
VJF8HF7JA,511,211386647048589,フラワー,05KN1RR3U,さやかほ花卉園,1
NWW7GA7JI,512,211020309243821,Zephyr/虎,48BTAPMBG,蓮ノ空魔術部,1
ZCRF41KQU,513,210286652759788,SiULY,73CBYJYB0,"oNM,",1
FZMYZZPRK,514,210037308905416,彩花,EYN9H9N16,蓮すきすきクラブ,1
E414UTOTC,515,209606286786499,コッシー,DKNHY5HH6,なす料理研究会,1
43JYBJIVA,516,209212000038331,やこう,GXR6C85BT,花帆ちゃん親衛隊,1
KDJTR7PVB,517,209207626009054,ありしあ,K8C99H42D,ルリと喜ド！愛楽,1
DHZOI3DZ1,518,209185290827847,たけのこ,L3NN1RWMY,アポロベイ海賊団,1
85NX5JDGB,519,209115198520373,いろはす,79C17CHA2,蓮ノ空出張部,1
65MCJCNUU,520,209079166687919,天曰稚蜜,JE7V5MM31,蓮ノ沼に沈んだ泥,1
E1BW0SBYP,521,209055931809642,かすかべ,1DU9LCND7,蓮ノ空すこやか部,1
HV0CBWWHY,522,209000424572525,たまごやき,HBUK6F7CC,乙宗梢なりきり部,1
TD1VKW41K,523,208857899192107,ねぷ,V6DV6KETG,梢好き好きクラブ,1
A60CTPWTP,524,208664155295489,もっすん,M5LHG6R4T,乙宗動物園,1
VLKDXGBRB,525,208618164166126,アープ,6XX7GBM0K,ぷちぐる同好会,1
RSOOU0EWR,526,208498168429764,エスエフ,998H940YN,お嬢様筋トレ部,1
S9K0MFOPI,527,208404298624519,あかつき,B5V2LNN43,WMW,1
L31AHYM5E,528,208139143603688,アル,4XRHRYDW4,無言でエンジョイ,1
PK3AW6240,529,207970316851437,悪い子小鈴,R9T0YKDW8,かちまち応援隊,1
4FGPNYMSS,530,207603056868520,アルファディオス,VW65MCVF8,スリスリーズ,1
EQCWYNLEG,531,207416163480144,サグ☆ナッツ,7R8NKPAB1,花帆推し倶楽部,1
MDP0NBVAH,532,207179485308458,影02,1BME38BCD,さすさやクラブ,1
L39ED33GF,533,206741898265682,ナレク,V5WNV1A43,異次元ビリーバー,1
GAABA46XU,534,206656299004197,ぴ,CV62FGL1U,花咲かせ隊,1
LCM66GHDC,535,206522465552508,amoamo,DH6C5B7WF,蓮ノ空FC,1
EFRYPXCJ6,536,206420924861055,はる,JDAG79TG7,百合ノ空観察部,1
UZRS5HZOE,537,206057976446848,RX-178,PLBBEX019,視聴覚室目指し隊,1
K1XEZQRVC,538,205991880627973,Kay,NC2YT2V28,蓮之愛同予者何人,1
G2YIR4WCH,539,205859151410366,みかん,CM5THHYHB,「」ノ空だけれど,1
DE7022HYW,540,205804396147821,ルビー,RFYKY8DCD,LA.LA.LA,1
6U65XRUYI,541,205793214236722,ねこ,MVMP6NNXD,空き時間らくがき,1
C6DK72D1C,542,205733693794311,そや,BCJRMHE75,梢すきすきクラブ,1
7M2TYXN5R,543,205456779833248,琉加るか,0TKFF5EG3,サークル名募集中,1
W0JH3ZDZZ,544,205366435812396,春風,0UT59MJ8U,かほすこ同好会,1
H4VR0D1DV,545,204810319423037,そー,WN5B7VKPU,きんぴられんこん,1
19A9MUCBD,546,204751820168061,らゆ,V6DV6KETG,梢好き好きクラブ,1
EP2VVR3PB,547,204562246889091,いも,1DU9LCND7,蓮ノ空すこやか部,1
LXROXCRPX,548,204453398743438,たな,RFYKY8DCD,LA.LA.LA,1
DRATWA3PW,549,204440597325356,キュノラ,CX967RTGY,おんゆあさーくる,1
2VW44LGGL,550,203901260087099,カラメルプリン,FNMV166UY,蓮ノ空喫茶部,1
O8A9ZD5IG,551,203888120004863,堅揚げポテト,GVY1F8C9D,花咲くラブライ部,1
WWUKMWALP,552,203883359403247,ゆーむ,25PMPEMG7,星見プロ,1
ODYS8N8GB,553,203827156721991,でこぽん,D5A2EEG7F,わたくしは大丈部,1
UZQ6XQT5R,554,203715138751192,クロ,JE7V5MM31,蓮ノ沼に沈んだ泥,1
71Z6P5FC1,555,203613936092237,すつ,YCTM6RYDP,金沢おでん同好会,1
XBC259K8X,556,202977867414955,メガネ,11FB0EDDT,スクステ同好会,1
0J17YMF4A,557,202955068194036,あるるかん,9GDHWXGVG,ルリと花咲く毎日,1
0KCH6B5TN,558,202576463528405,ぴょんた,49AMYCXCD,ルドベキア,1
47E9NM0MC,559,202529657233481,バルト,F8MLHU2NV,乙宗梢様､､､,1
428BS936U,560,202146486489279,ふじさき,RFYKY8DCD,LA.LA.LA,1
U02MSU4XI,561,201823443391800,こかな,BCJRMHE75,梢すきすきクラブ,1
LEEU9JZFJ,562,201797971642913,きりんちゃん,49AMYCXCD,ルドベキア,1
VJ89ASDAM,563,201577867315725,まぐろお,7U20138DB,LGP,1
F8FF7Q69W,564,201508289551498,ユッキー,D7H8MN2U4,LLD,1
C7514GVOI,565,201114165338788,iopiy,RFYKY8DCD,LA.LA.LA,1
HUREN9CYS,566,200938183740377,千剣の玉冠,KND3T7056,ぽかぽかモガの村,1
6A1ARNU7P,567,200859153963427,_zuuyan_,FE282F3VH,天悶部,1
LEWSH3WFU,568,200782382587200,ぷりぷり,GKR9TEBYC,毎日がホリデイ♪,1
3NN79CWQS,569,200244928408028,プー,LYPVAETHY,金沢の泥,1
S44PA6B73,570,199979098421160,しずく饅頭,LY0XPW7NL,元カノ概念強火派,1
H28HW286V,571,199926788870353,みょん,JTX1G19BP,さやかほ癒し会,1
BFY0CMXKL,572,199904723906250,ヨミ,CM5THHYHB,「」ノ空だけれど,1
TLUEBC2DK,573,199716027308769,アシユ,0TKFF5EG3,サークル名募集中,1
J6B943VP6,574,199701508092305,まぁ,UYCT3Y4JK,蓮っ子,1
HLMXHTKGB,575,199647010007948,たまき,MAJT0THVB,眩耀夜行,1
T1RC9W5XT,576,199526914555094,花梢,V6DV6KETG,梢好き好きクラブ,1
V7DTQN04B,577,199481223686555,タク,CX967RTGY,おんゆあさーくる,1
VNF3FHCBR,578,199385761437405,グリード,8R49BTWW6,蓮女お嬢様クラブ,1
FNZSMW980,579,199185501260455,snow,RFYKY8DCD,LA.LA.LA,1
DPNPWAUOQ,580,198799839260014,たにー,WN5B7VKPU,きんぴられんこん,1
KOKTCEUS1,581,198505422505142,にんじんソード,1BME38BCD,さすさやクラブ,1
W5XCH27LY,582,198023523542486,クロ,D5A2EEG7F,わたくしは大丈部,1
C5279V59A,583,197946300226197,oratorio,HBK6KCRPP,無言でおけ,1
XL4KR3J0W,584,197878799383185,あつ,0TKFF5EG3,サークル名募集中,1
4U8JF7WBG,585,197737075769849,眩耀夜行,2KJ2UEC3P,蓮ノ空端末欠損部,1
542A8BY8D,586,197352757812170,よしこぽけ,V6DV6KETG,梢好き好きクラブ,1
XYOF53SSA,587,197047970660075,みすとん,M5LHG6R4T,乙宗動物園,1
AE06P6XCP,588,196848330069608,かしわもち,KW0RM1LEP,はすっこくらぶ,1
6J8FP70CC,589,196343026366569,村ッけオニゴーリ,PBRDPWEY1,村村会,1
20YXRIO59,590,196204717478564,イカ公,6045Y2RW7,ポチっと！蓮ノ空,1
K3DA7KEV0,591,196033786222207,カップ,8JMW9G2XW,僕らのリンクラ！,1
F81U86M87,592,196012304771329,ポケモンユナイト,CX967RTGY,おんゆあさーくる,1
THPSZE8AV,593,195892310302114,えんぬ,6XX7GBM0K,ぷちぐる同好会,1
K8NUIOH6S,594,195845222631044,アッツン,J8HXTJ8TB,流し素麺同好会,1
7U92CFGRY,595,195696953762156,フラジャイル,FTY0R8KPH,泥の皆様,1
39Z2746WP,596,195660816999112,かより,NA8FEYN0M,蓮ノ空飲酒クラブ,1
DT57UE7NP,597,195470801725402,たま,3BE2RELRC,見晴台,1
4H4L09G0F,598,195351075739958,すてけつ,11FB0EDDT,スクステ同好会,1
BCZN6OFG9,599,195349684188133,あすまぺ,Y6JNPC60C,綴理メイト,1
MGVR2Z027,600,195345481872546,オクラホマミキサ,1DU9LCND7,蓮ノ空すこやか部,1
3LEXE0E48,601,195302253894421,わかめ,N8L41JAA7,無言 ノルマなし,1
S7PDFX3DD,602,195063780146369,Ruby,494DMR1RJ,蓮ノ空推し活部,1
XDYHQD918,603,194910238590121,いか,8P39YRA1L,慈と愉快な仲間達,1
INAGE6AD9,604,194872238675329,halxiel,X34LWGL6R,サークル2,1
0RB9J6BF4,605,194508107624283,ぺお,G0WRCNRWK,県立沢庵図書館,1
VFXK1UUMF,606,194451345247227,やまやまと,GMEF2K8DL,花咲く泥も好き²,1
AW1YKJ8HD,607,194406367709244,泥田坊,V4A5MP41E,徒町チャレンジ！,1
82XHVVXLA,608,194272396726772,Tep(TH),0UT59MJ8U,かほすこ同好会,1
4HQD30FDE,609,194199500614297,える,BCJRMHE75,梢すきすきクラブ,1
715HWUL7M,610,194151102831433,クラリス,B5V2LNN43,WMW,1
JCTUKGY3G,611,194004467480244,pkdk,VNEJ2RNW0,まったりんくら,1
MWBIKHWKH,612,193311960049714,わんたん,0UT59MJ8U,かほすこ同好会,1
2AUU5PNBB,613,193227340575225,masaya,PBRDPWEY1,村村会,1
C3E5301MV,614,193218033251113,Peer,D7H8MN2U4,LLD,1
PK3CH1XXE,615,192999841292272,なつめ,NMT63RUDV,泥村,1
IUC2M7CPB,616,192996556566013,スニャイパー,0UT59MJ8U,かほすこ同好会,1
YZTKEETUC,617,192900366638702,イブ,005CDHF0W,Catlike,1
9KW789LG7,618,192794170313574,しずおぢ,1BME38BCD,さすさやクラブ,1
TC29EK6TA,619,192564623400263,えくれあ,FVJFA973A,蓮ノ空愛好会,1
8R81JOJWW,620,192008786844865,saki,2NY9H8BR9,乙宗紅茶館,1
ZVZS6JQ72,621,191559516463554,だてまき,0UT59MJ8U,かほすこ同好会,1
51JKTXYGL,622,191037129094836,みずきち,C68491XHB,みらくらぽーく！,1
MOFJQHVV8,623,190981618705405,ユキ,9GDHWXGVG,ルリと花咲く毎日,1
89RH4G5PY,624,190941037153322,KC,494DMR1RJ,蓮ノ空推し活部,1
B6XFP7VNH,625,190413752731442,mi,4XRHRYDW4,無言でエンジョイ,1
ZX04ZZ2IW,626,190266428764026,きく,YCTM6RYDP,金沢おでん同好会,1
LFPRT4DAP,627,190022821882765,Wolfram,4XRHRYDW4,無言でエンジョイ,1
E12RMFCE1,628,189941020780778,ひしょう,998H940YN,お嬢様筋トレ部,1
VTNY8S6TV,629,189907080467286,cocoa,F8MLHU2NV,乙宗梢様､､､,1
4MRCJO6P2,630,189784975628521,スパボ,D5A2EEG7F,わたくしは大丈部,1
2E7QQUULE,631,189573048893931,sho,494DMR1RJ,蓮ノ空推し活部,1
JRKLLY4D3,632,189529048113845,kazu,HBM31HMUY,YUKIZURI,1
NJVVKGXSK,633,189517260034208,FUMINEJI,WN5B7VKPU,きんぴられんこん,1
0GWYFP0AP,634,189385503564358,あお2,Y2P9LABR2,スクステ同好会③,1
EKG1U84WF,635,189166937074370,うーちゃん,EPWMMAXNY,蓮ちゃん初心者,1
9NUAF91LJ,636,189162210710156,シエル,KW0RM1LEP,はすっこくらぶ,1
6X2PSP3DZ,637,189045870484752,ざっきー,P4NGERDXF,こじらせ部,1
XX2YW3264,638,188969328398992,あるて,CV62FGL1U,花咲かせ隊,1
Y111EK3MP,639,188956112058622,ダイヤぁ,PBRDPWEY1,村村会,1
M75U576BU,640,188889838030594,らんしょー⁶,VN1LXEHLR,綴理、愛,1
U4Q9QD42M,641,188785013440823,シマリス,HBUK6F7CC,乙宗梢なりきり部,1
J3UNS4PQW,642,188700632656099,チゼ,1BME38BCD,さすさやクラブ,1
K58KYI7W9,643,188163969111441,さわ,CTW8DKV5P,まったり,1
9TCT4KUVJ,644,187929888317580,あいすまんじゅう,6FWRD1K40,いちじょ海賊団,1
NLM0VLA6W,645,187881235068947,ブイヨン,11FB0EDDT,スクステ同好会,1
W7IMTL1I7,646,187831920678437,さゆこ,CXG25026E,泥のみんなS,1
EV124MBVX,647,187770518690740,てんnew,RF5215M2U,スクステ同好会②,1
RD4BMG4UH,648,187758648608524,ふじかつ,XE8513HNP,喫茶カワウ空✨,1
H5APQ3Y4V,649,187724277863877,sonoda,GXR6C85BT,花帆ちゃん親衛隊,1
AWH20IHAB,650,187612925958640,明見鳥,1DU9LCND7,蓮ノ空すこやか部,1
39T0J8544,651,187499173570927,雪利,79C17CHA2,蓮ノ空出張部,1
T3QL9JKGZ,652,187489364230102,だ,W26TRPM1R,めぐ党藤島派,1
XYWNUYP3R,653,187242252572928,うたかた,11KVGWXAK,藤島幼稚園蓮組,1
K2JMAM878,654,187241689696333,ALSE,NC2YT2V28,蓮之愛同予者何人,1
7JYP28F29,655,187221247428538,苺牛乳,CM5THHYHB,「」ノ空だけれど,1
BVM8BKKVK,656,186912434951206,伊吹,GVY1F8C9D,花咲くラブライ部,1
E42SLTUG5,657,186690795173213,シオル,GUB0YLPWA,料亭「さち処」,1
UW6LOGHFD,658,186577097923799,渡名,KULVP7FDR,アニマル分室,1
YITVM7SHL,659,186408767401614,s27,11XTEEEJT,リンクラ料理部,1
9QO93VCZF,660,186185006200742,蓮ノ沼の泥,HBM31HMUY,YUKIZURI,1
FY3NQU6M7,661,186023605327351,やきプリンのプロ,0UT59MJ8U,かほすこ同好会,1
29DLPDMXU,662,185899514571526,りゅー,05KN1RR3U,さやかほ花卉園,1
5KXTYUA3E,663,185796335120212,タコ,KXU941RFJ,梢先輩おめでとう,1
JME01B1A1,664,185608076602619,ハクチュー黄凛,WN5B7VKPU,きんぴられんこん,1
48JBXD6ME,665,185279941240409,TIK,1BME38BCD,さすさやクラブ,1
HU31WK3D9,666,185233972449605,ぷるもにか,4RY75CKM4,LLすこ部　メ募,1
A3GT3EAPG,667,185027448704899,ichiro_j,0TKFF5EG3,サークル名募集中,1
WLUXAH66F,668,184988195440662,りじ,V4A5MP41E,徒町チャレンジ！,1
EDC4D38E2,669,184951181781995,ぱん粉,W26TRPM1R,めぐ党藤島派,1
7H3AJT3DL,670,184813063981616,まろん,CX967RTGY,おんゆあさーくる,1
WH6L0E1FH,671,184719000697154,えでおじ@こにゃ,0TKFF5EG3,サークル名募集中,1
J0CF7WY7R,672,184482607138480,おーちゃん,B5V2LNN43,WMW,1
VKNVBR7S7,673,184090661125558,リリ,WLFW6UCX5,無敵級ビリーバー,1
FD7RWBHMV,674,183982492775796,jun,RWARTHA1M,乙宗梢大好き部,1
B9P5BJ9BE,675,183870871018169,ペトラ,2NY9H8BR9,乙宗紅茶館,1
EIKH27TI8,676,183815509832815,あおはる,GKR9TEBYC,毎日がホリデイ♪,1
LLH9VNB3R,677,183784154767363,リエル,M8LEKM6U4,ルリめぐ,1
CQSYMDA64,678,183746442899210,やっちゃん,1DU9LCND7,蓮ノ空すこやか部,1
Z4UQWX99L,679,183741438000314,どらやき,KT4C59NXG,めぐ島,1
VE60S6VJV,680,183678204560378,ㅇㅇ(39.7),11FB0EDDT,スクステ同好会,1
0JCJQG554,681,183664186495424,イーサン,73N4AB3LR,かほ子のイオン,1
YI2HLRX0W,682,183604462945144,リベルテ,N2KCENRKH,猫＆旅大好き部,1
4NT0CHOHL,683,183459769822378,みそしる,M8LEKM6U4,ルリめぐ,1
G5XP7HP0M,684,183347424041411,白聿,NC2YT2V28,蓮之愛同予者何人,1
12B0F5BMB,685,183258890367158,おにぎり,KW0RM1LEP,はすっこくらぶ,1
ALD7UHWYG,686,183220083769308,ＫＡＯ,Y2HV0YEF7,蓮ノ空を応援し隊,1
OLZWE0YRK,687,183056407533667,アスカ,YD2XWWFA4,蓮好き好きクラブ,1
2VXKJLFAK,688,182952953464293,浪速の轟砲,AG9PKMMC3,ぱかぱか同好会,1
TWDVYFCM2,689,182687323212164,いぷ,1YLFFXC1E,安土桃山時代,1
M2YAWFRX9,690,182410901259659,Syn,11XTEEEJT,リンクラ料理部,1
MTC3Y7T16,691,182359180021521,こえたから,79C17CHA2,蓮ノ空出張部,1
16J4RMFUM,692,182249435592477,めぐります,MUXWTW1GV,蓮の空見守り隊,1
TX3PNRFW0,693,182199491985479,shin,B5V2LNN43,WMW,1
EK0XXP482,694,182184799147675,きり〜こ,JE7V5MM31,蓮ノ沼に沈んだ泥,1
3DV369HW4,695,182021885100678,はとたらう,DH6C5B7WF,蓮ノ空FC,1
M7R461AQ4,696,181906415124294,みりおん,R1RM3X0WV,後方腕組みオタク,1
LH75E5TGT,697,181758621425147,ぷろりん,0UT59MJ8U,かほすこ同好会,1
T8IMQLFKA,698,181106371932563,Alkaid,FH7G62PKW,月火水木金土日,1
6ZQDZ2WMR,699,180828596482923,きらむ,FE282F3VH,天悶部,1
9IZXQRGW7,700,180783498216318,雲雀,0UT59MJ8U,かほすこ同好会,1
A4VCUZCDY,701,180749351655853,しずくま,PDMPF3VVV,r/LL,1
IEBYCC1D7,702,180375369573145,わらび餅,RFYKY8DCD,LA.LA.LA,1
F1OJJRMRE,703,180362596550004,ほわぁ,WX1DYC9Y1,ラナンキュラス,1
DLEAUCSDC,704,180303898926497,ゆふ,X34LWGL6R,サークル2,1
SE59OH0DG,705,180204707361406,スプリング,X7C21B7H7,泥,1
HH9Q5BUF8,706,180086686551190,れじぃな,1BME38BCD,さすさやクラブ,1
0STI22GS3,707,180000193025898,マウスル,RWARTHA1M,乙宗梢大好き部,1
8M4CNXUD1,708,179916673691344,果汁,7U20138DB,LGP,1
YLGVH328E,709,179605714336094,めぐミルク,V4A5MP41E,徒町チャレンジ！,1
VBDVPK1VH,710,179598285910924,新手工作人員,Y337R7BW9,中国の蓮之空圈子,1
9BRVF2KFM,711,179289746624116,まっち,4FXPC55PY,PPIHクラブ,1
67IVLJVB0,712,178873801222667,ねこるて,CX967RTGY,おんゆあさーくる,1
YYT3VDTXD,713,178435298349186,イノベ,MUXWTW1GV,蓮の空見守り隊,1
AWD2YPC26,714,178219076796067,牙狼ハンマーつづ,PBRDPWEY1,村村会,1
NDF10E002,715,177851094765017,ゆかり,Y6JNPC60C,綴理メイト,1
E9LVB2F95,716,177200513948986,せみすぺ,DFXN9DB2H,どんぐり共和国,1
X7RPCH2CD,717,177053252899323,アレックス,0TKFF5EG3,サークル名募集中,1
TX9MKAUDA,718,177028529634186,ブランドン,CX967RTGY,おんゆあさーくる,1
1U3IE6OEV,719,176960430724354,よすよす,V26546K3D,乙宗気合筋肉,1
VFJV4WLT6,720,176944785293078,奇策,J800VVPTN,Aqours,1
QN80AZ200,721,176916451228879,(´・ω・｀),BH244Y5H0,休暇建設協会,1
5Y53B82FU,722,176916353794789,紫(花帆ちゃん推,RWARTHA1M,乙宗梢大好き部,1
AP1R1QMI3,723,176903901184522,ますヲ,J7N4W6Y1K,こずミックラブ♡,1
X0REUC1B0,724,176146100162084,ジークハルト,KW0RM1LEP,はすっこくらぶ,1
RM8XVIS1J,725,176109716785935,ローレンス,KW0RM1LEP,はすっこくらぶ,1
MX4E268DJ,726,176046061406122,もじゃらんど,48BTAPMBG,蓮ノ空魔術部,1
RBD738713,727,175998234104656,エル,M5LHG6R4T,乙宗動物園,1
ZR84BMV8Z,728,175745798014794,アヒル太郎,RWARTHA1M,乙宗梢大好き部,1
HB7JNHJN3,729,175722148845680,百合ガキ,6045Y2RW7,ポチっと！蓮ノ空,1
B471KYA89,730,175079926293941,アスラン・ザラ,KT4C59NXG,めぐ島,1
M1CI452K7,731,175064933774522,クロノ,VP0K6KF0K,蓮ノ空大好き!!,1
E654ER5U0,732,174583952384709,Rinka.,79C17CHA2,蓮ノ空出張部,1
QOE50Z9JA,733,174342840654642,フェス,49AMYCXCD,ルドベキア,1
0YNR6FZYP,734,174257590395841,アカミソ,BH244Y5H0,休暇建設協会,1
X53CRC1BL,735,174117137593188,おやつ,HBUK6F7CC,乙宗梢なりきり部,1
U657JMLE5,736,174049241680171,ダーリン,BH244Y5H0,休暇建設協会,1
F4GBY0CFD,737,173971766051651,merumo,UEJMMVF33,さやかほ緩々会,1
RMH27ZIYV,738,173874870987830,シグレ,CV62FGL1U,花咲かせ隊,1
KUX508348,739,173820410482568,すくたれもの,79C17CHA2,蓮ノ空出張部,1
CY6152DTP,740,173582470297065,もりくん,3AD3RR3XV,のんちゅけ同好会,1
6ZGKMMMSV,741,173572716436765,カヅキ,4WWM4VVDK,蓮ノ空遊戯開発部,1
9YELCCB08,742,173208332041547,いふ,5KK3DFY18,MUGEN∞,1
17UYW4NFL,743,173202380804686,まえだようすけ,B5V2LNN43,WMW,1
YFH6GDLTK,744,173011707739764,めぐ島へようこそ,KT4C59NXG,めぐ島,1
2I4NAUEKO,745,172625558344893,司馬運営,MAJT0THVB,眩耀夜行,1
PJ68GMD3M,746,172535539838383,ルル山田,9EYH317R8,イカトンブライ部,1
KHR1E1TUB,747,172053988900777,こう,8JMW9G2XW,僕らのリンクラ！,1
DUGKFJTKX,748,171931637768185,松山 祐季,NK8CTXAEA,蓮ノ空卓球部,1
9L8A47NPK,749,171773881363375,大坪あなご,FG5VFFNRK,蓮ノ空おじさん,1
TD6PV67JX,750,171030372225076,azuki,5WUDLMWEP,蓮ノ空は明日ノ空,1
ZYVGB70CC,751,170744745161687,かすが,JDAG79TG7,百合ノ空観察部,1
3YBA858WE,752,170652141547986,とやを,N0EXH1CM1,ぱちぱち徒町,1
2288GCGEH,753,170591969520581,ふへほはひさん,EYN9H9N16,蓮すきすきクラブ,1
TG7EGU3PX,754,170529758670331,パトリック・雄平,BCJRMHE75,梢すきすきクラブ,1
4ME4T0F13,755,170515502043737,クロウ,L3NN1RWMY,アポロベイ海賊団,1
CHLCVOL10,756,170258455126786,れあす,PBRDPWEY1,村村会,1
A04MI5SSQ,757,170095429264597,はるかぜ,RWARTHA1M,乙宗梢大好き部,1
STYD2YWWM,758,169866718514617,ごば,11FB0EDDT,スクステ同好会,1
3CUF2RF7K,759,169615445973756,大和銀,KW0RM1LEP,はすっこくらぶ,1
MGO4M6TKM,760,169502067429538,ユノ,RHU8M5VUL,幼馴染同好会,1
CPT5ULJL5,761,169466379810953,シュウ,FVJFA973A,蓮ノ空愛好会,1
7CCT3RP0T,762,169460862165757,がお,N1DJVPGP8,いつでも咲けるよ,1
P4KGS0JI8,763,169447990904308,けーる,CM5THHYHB,「」ノ空だけれど,1
YLQKVDHGG,764,169436579418585,皆月,R181MKNX1,みらくらは人生！,1
FGBAF868U,765,169372733862012,たかな,GXR6C85BT,花帆ちゃん親衛隊,1
B20V71P72,766,169347973384714,Kano,AWFDLJ1HC,小蓮花（重生版x,1
0FFKIEWPN,767,169191019652850,yn,0UT59MJ8U,かほすこ同好会,1
L10RA8434,768,169140010318122,なこちぃ,K4TAHF9YA,はすっこ準備室,1
RWCQ6YE13,769,169037860673753,おかじゅん,M5LHG6R4T,乙宗動物園,1
K62M4WLKT,770,168490305008622,アルヘナ,0UT59MJ8U,かほすこ同好会,1
06JQ821HY,771,168484008771061,sagi,GXR6C85BT,花帆ちゃん親衛隊,1
EUCTO3HUZ,772,168451798959676,かわたろう,0UT59MJ8U,かほすこ同好会,1
8B1WWT6YA,773,168156374687713,まじまんじ,BH9YH1YL5,ラブライバーの森,1
7YHYKRWN3,774,168116476424855,メイツ,N8L41JAA7,無言 ノルマなし,1
AEXWSLMBY,775,167925568297926,じゃが,M67ACEP3M,オーバーブースト,1
ARB6FHC6U,776,167806484335893,なべし,79C17CHA2,蓮ノ空出張部,1
LVOYGDF8A,777,167400277087558,norano,RWARTHA1M,乙宗梢大好き部,1
UU1Y5EPGK,778,167373513657187,かなろあ,M5LHG6R4T,乙宗動物園,1
H8B209M8Y,779,167369446309180,bd波導,J800VVPTN,Aqours,1
9I1VJ6KP7,780,167201030719649,MYAS,0TKFF5EG3,サークル名募集中,1
HRGE6XY4D,781,166942383650771,おかだ,6XX7GBM0K,ぷちぐる同好会,1
MK43XM5R6,782,166877529590785,ぐらしあ。,AXG81GPMP,蓮ノ空マタギ部,1
GHRKDWYUH,783,166496845715613,すわぼた,JTX1G19BP,さやかほ癒し会,1
JNM0HFUXA,784,166187801189780,唯,MAJT0THVB,眩耀夜行,1
7ZHB0KXWK,785,166186340308004,ゆゆ,PLBBEX019,視聴覚室目指し隊,1
GYOTXMQBW,786,166132162293515,榊,2JVBK752G,卍愛蓮説卍,1
EYR644VU5,787,166077244872724,ねじゅみ,D5A2EEG7F,わたくしは大丈部,1
0XN7DUJUU,788,165952856932007,ながいくん,RFYKY8DCD,LA.LA.LA,1
DM845G6CU,789,165946797632188,Mea.,Y2HV0YEF7,蓮ノ空を応援し隊,1
P7DXEVYFE,790,165893474105603,Watitto,Y2HV0YEF7,蓮ノ空を応援し隊,1
2RXBMCHH9,791,165804185197034,ぶるおんせん,YE7CX8RNP,能京カバディ部,1
0Y3QCF38L,792,165776043826755,小泉くろ,M5LHG6R4T,乙宗動物園,1
902WTV9GJ,793,165694082232428,captain,FH7G62PKW,月火水木金土日,1
NOBSSQRBX,794,165564004568825,パタポン,1BME38BCD,さすさやクラブ,1
BL0BGN2JZ,795,165551489186197,せて,6XX7GBM0K,ぷちぐる同好会,1
Y9VUZJIT2,796,165528968127052,とっし,X7C21B7H7,泥,1
SID3ZQ2MB,797,165313654337755,もこナタ,HWJ8XPW0T,箱推しなのだけど,1
XR0335DPE,798,165208155829893,はやと,48BTAPMBG,蓮ノ空魔術部,1
TBWFHHE1Q,799,165066182056110,karapo,7U20138DB,LGP,1
YJ6XMPJT5,800,164939940082585,れる,UYCT3Y4JK,蓮っ子,1
KUBMB2477,801,164929806015282,きゃむ,0UT59MJ8U,かほすこ同好会,1
TD60MU94M,802,164916419799708,チロリン,RFYKY8DCD,LA.LA.LA,1
8VGP4G7PN,803,164785395096242,えるたそ,2ULM366U6,毎日がエブリデイ,1
MOY90G2ES,804,164280024013249,kaz,2NY9H8BR9,乙宗紅茶館,1
I8TMVU8IM,805,164137009123612,薫,HBK6KCRPP,無言でおけ,1
2KPFCFVJ0,806,164085246015219,リセット,MAJT0THVB,眩耀夜行,1
L0HOC7EEE,807,164074903695171,名もなき小市民,YE7CX8RNP,能京カバディ部,1
951MHO8EI,808,163786137621124,もりょー,N2KCENRKH,猫＆旅大好き部,1
RUM9HUP9C,809,163763382557813,しーだーゆ,3BDTCERX6,打ち返した流れ星,1
49R4M93J6,810,163571597929957,くしん,KXU941RFJ,梢先輩おめでとう,1
P4CGFVWN1,811,163494791595882,buta,ABALH0AL3,楽園計画,1
79OHCMGA6,812,163295383512085,ユーレン,WN3LHKX0L,レンコンおいしい,1
FUURA79AK,813,163186671095879,うっちー,G59NGM0XA,シュリーレン,1
AY3WK79BW,814,163028602036040,Aegis,YFADYJVW4,FPS好きクラブ,1
K4KXET9FL,815,162935009444778,センソン,KFC62L0FV,ねるねる同好会,1
NWUFRAHLN,816,162655650730630,じゅんじゅん,M5LHG6R4T,乙宗動物園,1
4GFTHESOY,817,162421006219353,あた,JTX1G19BP,さやかほ癒し会,1
1A89S5KW0,818,162310665634114,流布,11FB0EDDT,スクステ同好会,1
HPD6MD12G,819,162282932830290,ヤルダバオト,JDAG79TG7,百合ノ空観察部,1
U9WAMY512,820,162044300190278,やこ,PBRDPWEY1,村村会,1
QMTRT7QBS,821,161613350682828,みかん星人,JA2C658FW,さや綴理の村人,1
GRXB1MUY8,822,161563343818598,ぴー,V4A5MP41E,徒町チャレンジ！,1
2WAIQS7WK,823,161540282872617,AIMe2,TK9E1BB1P,無言で自由,1
1N4WI9PL2,824,161525545815323,6号,11XTEEEJT,リンクラ料理部,1
6HB9UU73G,825,161407751578803,肉@みらぱ神,8R49BTWW6,蓮女お嬢様クラブ,1
W7VN7JF3V,826,161315001358898,ツユクサ,43HRXMXWA,無言OKクラブ,1
04TRE8XUQ,827,161119494418616,kuro,WTJV514G9,蓮ノ空のお弁当屋,1
DFBXXJLL3,828,160687392880462,ポット,RFYKY8DCD,LA.LA.LA,1
UPB9XUXDU,829,160676612004995,サム,79C17CHA2,蓮ノ空出張部,1
MCLPXRE1E,830,160496852071345,ファラオ,1DU9LCND7,蓮ノ空すこやか部,1
1CWT30PGP,831,160201371601644,花宮家の執事,MTBP3B4GM,ふらわーすきすき,1
JW6QPV8JC,832,160144413814888,あるそーやん,90U18712V,大野お台場公園,1
LX2J0YDAZ,833,160022013532563,Judy,GMEF2K8DL,花咲く泥も好き²,1
5EM9A70TY,834,159863874894088,ダーヤマ,V4A5MP41E,徒町チャレンジ！,1
0N6HXDW65,835,159811428745477,masao,CX967RTGY,おんゆあさーくる,1
MBMH5XA5A,836,159582908931799,しあふす,JDAG79TG7,百合ノ空観察部,1
YEZNKQ1J7,837,159276693850921,トラン,YK0X6N2HN,無言OK出入自由,1
EQM3PYC53,838,159252531614904,プリン,PBRDPWEY1,村村会,1
9DN39ABXR,839,159144055142641,じぐないん,RWARTHA1M,乙宗梢大好き部,1
8WZJM0HXM,840,159103315622260,Marineya,8R49BTWW6,蓮女お嬢様クラブ,1
1BNGCP38U,841,158838843411922,kino,W26TRPM1R,めぐ党藤島派,1
8Q9YTKSM2,842,158677782192211,るる,4RY75CKM4,LLすこ部　メ募,1
2CX0L3FNW,843,158625887271778,ランダウ,VP0K6KF0K,蓮ノ空大好き!!,1
M96XRQZRW,844,158623759089020,一輝,RFYKY8DCD,LA.LA.LA,1
858VFPHL6,845,158544421499518,キラ,J8HXTJ8TB,流し素麺同好会,1
RMVX46VVG,846,158538596984184,きのと,FE282F3VH,天悶部,1
UA7RCU0PL,847,158498977575914,TOA,UHF5Y8PEF,さやちゃん倶楽部,1
BQUUCGODZ,848,158474387194617,YUKI.N,UVN7G4X3A,闇のルビィ団,1
L31NRD4ON,849,158435082138191,はる,JA2C658FW,さや綴理の村人,1
UR8RH1ARX,850,158408263942561,ブクト,1BME38BCD,さすさやクラブ,1
PJWWM7VB6,851,158289446596402,すいみんみん,414CEUPEH,アフター見よう！,1
YLGV922B9,852,158262845821595,ラビ,79C17CHA2,蓮ノ空出張部,1
UM2LVWXA3,853,158230028762989,れのあ,9YM3DBTB7,泥民館,1
EY3R9SBM8,854,158220812200204,くぼT,1BME38BCD,さすさやクラブ,1
XJA5BDOW7,855,158080980077553,ちや,49AMYCXCD,ルドベキア,1
MKWDCKPYV,856,157947633078036,会長♪,494DMR1RJ,蓮ノ空推し活部,1
T5FHM6LNR,857,157925685997569,狐,48BTAPMBG,蓮ノ空魔術部,1
XKRN0VQH2,858,157821944527404,ゆーき舞台創造科,3BE2RELRC,見晴台,1
2ENXPB1UW,859,157774763496504,かれ,V4A5MP41E,徒町チャレンジ！,1
70K0IUW6G,860,157694161838685,し,XE8513HNP,喫茶カワウ空✨,1
5BCGBFRJ8,861,157415213389226,サンディ,D7H8MN2U4,LLD,1
63AJ2C8JK,862,157351978315292,ながれぼし,PBRDPWEY1,村村会,1
XBQTPQ3K0,863,157229616535086,とみー,W3YKKRWHG,ルリと愉快な一家,1
6FUPM12B3,864,157022228850998,かどあ,X7C21B7H7,泥,1
FVPWHIUS5,865,156882079835226,いっしー,X33HHA9F8,アルストロメリア,1
KVRSXLYW0,866,156819216702741,かねはら,8FR866PRY,蓮っ子みらくラブ,1
M5KH7N8V6,867,156766121468304,三千院羽月,J800VVPTN,Aqours,1
DXN1X5JYF,868,156743826139306,ここのん,W26TRPM1R,めぐ党藤島派,1
3EA3R0TYA,869,156708530783632,あすか,F8MLHU2NV,乙宗梢様､､､,1
DD5XSHXFG,870,156707708538966,うえ2,CTW8DKV5P,まったり,1
IEQVGJ4Z2,871,156602081201195,坊,G59NGM0XA,シュリーレン,1
DFP8E0588,872,156560709236139,そら,HWJ8XPW0T,箱推しなのだけど,1
ISK5MIR6S,873,156495616551142,みぃ,R181MKNX1,みらくらは人生！,1
1NOMUK0WK,874,156469760911464,凛さおり,7XH3K4GBT,LLP,1
G2TP9RT8M,875,156457921479393,わた,F2CFWVMY9,藤島め組,1
H3Z6CCL18,876,156443685683194,リスグラシュー,NMT63RUDV,泥村,1
MJJY4BC6F,877,156273675419449,わっほい,XGR5U534F,初奈の泣きぼくろ,1
CW1FRNLB8,878,156217208726064,kazu,B5V2LNN43,WMW,1
FD3HAUFJG,879,156091744939498,まるはち,9GDHWXGVG,ルリと花咲く毎日,1
XEDYAEF7D,880,155814328981807,waito,CVJYALRGU,ラ！の会,1
3TT85FWF7,881,155744469588328,のぞは,WFPA7YJE1,蓮ノ空文芸部,1
KYH3BUB2R,882,155733563901696,青緑色,NG47YWRR1,繚乱！蓮ノ空,1
UMVG7J10Y,883,155400290802725,おーたー,EPWMMAXNY,蓮ちゃん初心者,1
P3KUFWHUX,884,155244985764951,にくがり,KT4C59NXG,めぐ島,1
5XNA071FY,885,155227166822160,りふぃる,KT4C59NXG,めぐ島,1
0VVAUBJJ5,886,155167782516788,pop,8JMW9G2XW,僕らのリンクラ！,1
ASLXPDS1Q,887,154897050858184,ささみ,Y2R7E79U3,カワウソ同好会,1
7LOYVCMEZ,888,154807994725455,るべ,HBUK6F7CC,乙宗梢なりきり部,1
744UAYYDJ,889,154796358754195,…,TDVTNN329,なに,1
F0546GHPH,890,154739904298474,ようへい,D5A2EEG7F,わたくしは大丈部,1
WHYCRK6EZ,891,154619985097436,Salokim,R7VEXFUBP,蓮ノ空応援クラブ,1
6TJXG4D50,892,154482141605985,ヌンムリン,11FB0EDDT,スクステ同好会,1
D091ANCFC,893,154393377031152,ぽっぽ,998H940YN,お嬢様筋トレ部,1
USVF7A3GV,894,154372979394425,ねりまき,G59NGM0XA,シュリーレン,1
YA23T8JH8,895,154349884801081,つばサンド,FK5MUK0ET,くる♡すきクラブ,1
P5UU1U4YW,896,154135979307640,ヒロ,JTX1G19BP,さやかほ癒し会,1
ZGN9IBUUW,897,154127355347030,エネロ,R1RM3X0WV,後方腕組みオタク,1
K26X1412V,898,154064608591247,エリオ,HPTHY23VR,蓮ノ空文芸部,1
J37DIXIZI,899,154048626323824,ぽそ,HMBW9DXY2,蓮好き皆あつまれ,1
WD2H6XGEC,900,154010057791221,トマカノーテ,YE7CX8RNP,能京カバディ部,1
YC8AHBBCX,901,153957741885467,ふろっず,D7H8MN2U4,LLD,1
MVT7K6KDL,902,153755533824935,一ノ瀬リリ,MAJT0THVB,眩耀夜行,1
3V7XRLH5E,903,153680977943851,G.A.L,HMBW9DXY2,蓮好き皆あつまれ,1
HC9P8IT0V,904,153653026719491,やまねこ,D1YHB0B1A,BWO,1
A0PQIHNP6,905,153571772297577,カメリア,H837E0M9R,沙知先輩大好き部,1
1657AA27B,906,153307929913365,ミロ,R1RM3X0WV,後方腕組みオタク,1
K151UE9OE,907,153244735502899,uma,4RY75CKM4,LLすこ部　メ募,1
UVGPMPJXJ,908,153101354970340,Fuu,Y2HV0YEF7,蓮ノ空を応援し隊,1
PETGW0DZK,909,152978844967527,ふぁー,J8HXTJ8TB,流し素麺同好会,1
I962LF0QO,910,152942497839117,TOMO,59AK7LJ7A,とりあえず,1
THZITXSPL,911,152847740223783,アンコウ,N752V1LD6,思想の溜まり場,1
TA02490KL,912,152837392948450,ホシノヒツギ,J800VVPTN,Aqours,1
RCB4C3Q5H,913,152513840705939,まいごう,MAJT0THVB,眩耀夜行,1
B2XNVVE45,914,152285709986645,North,7U20138DB,LGP,1
LNTJFQNJ4,915,152032286593070,雪人,V6DV6KETG,梢好き好きクラブ,1
AGAG7AJE9,916,151930105305513,ルーク,YCTM6RYDP,金沢おでん同好会,1
2JEPGGIMS,917,151734295916614,さちうさま,YCTM6RYDP,金沢おでん同好会,1
G9KZQ5RPT,918,151647906228611,あずまき,CTW8DKV5P,まったり,1
19TPGHPF9,919,151605488765039,ko-g,2A69E25N6,ゆめみづほ,1
GLC6K11GM,920,151509667187789,三途,BCJRMHE75,梢すきすきクラブ,1
P34EPD352,921,151192954745787,ゆー,9JTF508LB,スクスタ亡霊部,1
0EN9NURA5,922,151063324201789,さらだバァ,MWHJ339TF,UOは合法同好会,1
AXNUE33I7,923,151060867694347,♨釜玉うどん♨,N2KCENRKH,猫＆旅大好き部,1
SMHTGNN80,924,150792449483020,ブルー,1BME38BCD,さすさやクラブ,1
XGOPXK6EF,925,150784670241907,ヲタン,49AMYCXCD,ルドベキア,1
PCWYG7PXA,926,150696130662121,たぴおか,GMEF2K8DL,花咲く泥も好き²,1
6IADOMDIU,927,150555840363200,るりかほ至上主義,GVT61ATX0,なのだけれど,1
82UULA4JD,928,150538469730489,コリラックマ,F2CFWVMY9,藤島め組,1
EUGC8KAFF,929,150423558026407,クロト,51CF1LTGY,ラ研連合,1
P6JJP8MJW,930,150219833991030,カニベロス,V26546K3D,乙宗気合筋肉,1
4FXRWMBBX,931,150215568627079,とるえん,M6UPWJ6DU,蓮結ぶ虹と星の音,1
XP37Y6W68,932,150070389647600,#るる,R181MKNX1,みらくらは人生！,1
8AM9BLGNK,933,150055453010691,塩鍋,BH244Y5H0,休暇建設協会,1
JBEMPA78R,934,150002346157420,あなた,494DMR1RJ,蓮ノ空推し活部,1
UI5ZNYZLE,935,149930576939348,勝勝,FTY0R8KPH,泥の皆様,1
62J35KH77,936,149892591382281,ペロリスト,N752V1LD6,思想の溜まり場,1
5ZIQL7UXB,937,149841996027122,瑠璃柴,YD2XWWFA4,蓮好き好きクラブ,1
TEH21JJRV,938,149729218404781,トキ,GXR6C85BT,花帆ちゃん親衛隊,1
11TQO6YTT,939,149711239876014,ごはん派,PMKB2XTJD,ごはん派！！！,1
UR13L7CL8,940,149673712371019,いっけん,YCTM6RYDP,金沢おでん同好会,1
TVR55LRDJ,941,149622568496038,ナオお姉ちゃん,CV62FGL1U,花咲かせ隊,1
W0D0FD1RO,942,149536958748514,ファンタ,GMEF2K8DL,花咲く泥も好き²,1
PI43ZYSVG,943,149524165331966,侑@蒼穹の彼方,GVT61ATX0,なのだけれど,1
63GWN43GA,944,149472804596369,アモモンガ,WAT20PN3Y,こな党,1
MQRSEEF24,945,149318658832994,なめたけ,N1DJVPGP8,いつでも咲けるよ,1
OKGTPXFZ3,946,148957796003190,くのｗ,RFYKY8DCD,LA.LA.LA,1
ED3WCG3KU,947,148565584220225,、,FVJFA973A,蓮ノ空愛好会,1
UTYSFLDSK,948,148196231060164,どう,V78LAX1HN,蓮ノ空ボドゲ部,1
80GPLPYF5,949,147926642226015,お米大使,2A69E25N6,ゆめみづほ,1
E0H7KX5F4,950,147661108282946,ひこ,HBUK6F7CC,乙宗梢なりきり部,1
VYLOH1FQ3,951,147483570493857,YUUKI☆,WN5B7VKPU,きんぴられんこん,1
RZ2VFDOTK,952,147396114444874,安心,8R49BTWW6,蓮女お嬢様クラブ,1
CZIOGHGFM,953,147379212833393,いっちー,CXG25026E,泥のみんなS,1
5VVA4XN4T,954,147373087431114,ゆうか,2NY9H8BR9,乙宗紅茶館,1
6JQ56RZXR,955,147249241815204,たまご,YCTM6RYDP,金沢おでん同好会,1
V3HW6H9CB,956,146934194771173,うま,0UT59MJ8U,かほすこ同好会,1
EIJ9NR6QJ,957,146605952620222,もんじゃくん,9W43TY3MB,兎小屋ｼﾏﾘｽ部,1
N5U5H5DCX,958,146590462191361,シューマイ,1DU9LCND7,蓮ノ空すこやか部,1
1B2LJJF52,959,146589091759748,とむ,1BME38BCD,さすさやクラブ,1
UYKD45WLK,960,146468529378541,はみ,D1YHB0B1A,BWO,1
7YPXGGPP7,961,146110489777477,すーる,48BTAPMBG,蓮ノ空魔術部,1
0W5L2RJA3,962,145954085367157,ゆりしす,WN5B7VKPU,きんぴられんこん,1
7BL3KR7D9,963,145862016852081,ホワイ,HWJ8XPW0T,箱推しなのだけど,1
0BHUF5HP4,964,145598429614320,とやたい,FC8NBAJBT,ラー麺二郎金沢店,1
JJXM4A4JB,965,145431671249030,ゴンザレス青山,9GDHWXGVG,ルリと花咲く毎日,1
ZMWRR14YQ,966,145292100586376,ぜんこう,79C17CHA2,蓮ノ空出張部,1
O9LDNC83Q,967,145220712247137,mrn,EECF9C0N3,蓮ノ空　茨城分校,1
MVPXJHBPH,968,145133889902753,迦弥,YCTM6RYDP,金沢おでん同好会,1
WNK2YLKKY,969,145099162534808,なす,Y6JNPC60C,綴理メイト,1
RL04WF519,970,145062790343916,翔,49AMYCXCD,ルドベキア,1
VDAWF6H8B,971,145042021412262,はなもえ,919XF8V2V,蓮之空大三腳,1
PDO5I6YWY,972,144842091557071,ねぎま,3FF3NB77X,せーはす愛好会,1
QRGITUZ6B,973,144820407234395,つぐみん,7R8NKPAB1,花帆推し倶楽部,1
VWAM1LZVB,974,144472967964721,トメ,YCTM6RYDP,金沢おでん同好会,1
LWPHMPLJH,975,144437271480207,日向 みのり,,,1
T0AGDWEPM,976,144317287318164,姫芽党の長ゆゆ,M5LHG6R4T,乙宗動物園,1
LG4WRR8XI,977,144297262314750,ともてんてー,FG5VFFNRK,蓮ノ空おじさん,1
2DXKQ4N26,978,144252787563493,きょんC,KT4C59NXG,めぐ島,1
GDTVJ1B8L,979,144092431479876,ミテーナ,7HWM7661K,A,1
VK5FCXKLC,980,143813091671984,ぐっちー,MTBP3B4GM,ふらわーすきすき,1
AUEOHWX6Y,981,143555532054498,ざき,EECF9C0N3,蓮ノ空　茨城分校,1
Z5AGF2FTZ,982,143412645248235,とまと,M5LHG6R4T,乙宗動物園,1
MY2KK91G9,983,143313467031790,スタートレック,07JW71HWG,良いチケで観よう,1
S14ZTUCRG,984,143206147435896,ZEROICHI,BT3GEWM5L,ささやか村の集い,1
Y9DYX1NH0,985,143198165770124,よも,7R8NKPAB1,花帆推し倶楽部,1
G2YW20XX8,986,142724174248253,きち村,JDAG79TG7,百合ノ空観察部,1
TMK02L6FT,987,142580848744048,天空のいずみん,T045NDKW0,♬さやか愛好会♬,1
V76XKN9NV,988,142314824342417,ウォキドリ,0CEA9XFKR,蓮ノ空の泥人会,1
OHN597EEX,989,142230774385390,じゅっぽん,WHWT61ELR,【無言】ハスノソ,1
XGA0TTJ7I,990,142216629971410,ときのき,YCTM6RYDP,金沢おでん同好会,1
NNEXSX7P9,991,142146877041982,楓,V4A5MP41E,徒町チャレンジ！,1
2KA7CXTUM,992,142099745546821,たま8段,K8C99H42D,ルリと喜ド！愛楽,1
4YXL2E8UT,993,142029851771201,にぼし,FK5MUK0ET,くる♡すきクラブ,1
1A279T9WC,994,142014581710257,ねば,3BDTCERX6,打ち返した流れ星,1
56DXP4XGM,995,141917700634114,aki_,0UT59MJ8U,かほすこ同好会,1
966KRJZVB,996,141636664538905,きょん,MVMP6NNXD,空き時間らくがき,1
F2KGTW1YD,997,141608193226146,片岡,V4A5MP41E,徒町チャレンジ！,1
X0GQORFOT,998,141536638772604,灼熱カバディ完結,YE7CX8RNP,能京カバディ部,1
TN34E21UR,999,141354223720354,&,HBK6KCRPP,無言でおけ,1
1WHW3FXE7,1000,141261317441664,コルセ・アスミ,MTBP3B4GM,ふらわーすきすき,1
6HHFM7N28,1001,141071957440789,はなぶさ,0TKFF5EG3,サークル名募集中,1
RAAGABHLD,1002,141041141549871,すわっぷ,BCJRMHE75,梢すきすきクラブ,1
5LTYV6RWU,1003,140995473421337,みあ,GXR6C85BT,花帆ちゃん親衛隊,1
U6BM3PMS3,1004,140961588400280,AiLeaf,V6DV6KETG,梢好き好きクラブ,1
J257DCFEL,1005,140864891870618,ルドロス,KND3T7056,ぽかぽかモガの村,1
CXPCVK9R8,1006,140761443919005,エイメン,FE282F3VH,天悶部,1
XE8CMNHJU,1007,140523221041932,かほりん,,,1
F7A3MHW3F,1008,140371906554330,ゲンヤ,2KJ2UEC3P,蓮ノ空端末欠損部,1
8LCHU4WA2,1009,140353718822848,そーじ,0UT59MJ8U,かほすこ同好会,1
ECACHYT6K,1010,140346855454160,朱鷺,N752V1LD6,思想の溜まり場,1
0AF3ZJV16,1011,140329587666753,あどび,GVT61ATX0,なのだけれど,1
G42764ZEJ,1012,140288183043590,マモ,HBK6KCRPP,無言でおけ,1
OJG4FDHPU,1013,140001823786459,ボルシチ,2KJ2UEC3P,蓮ノ空端末欠損部,1
UWTH7CJXX,1014,139974282058167,アウル,GXR6C85BT,花帆ちゃん親衛隊,1
