player_id,rank,point,player_name,search_guild_key,guild_name
CAH984HAW,1,1436546246692872,タピエンル,MAJT0THVB,眩耀夜行
UA5OC8495,2,1376451996433731,zth,MAJT0THVB,眩耀夜行
7604CH5KV,3,1268147029345034,hiro,FK5MUK0ET,くる♡すきクラブ
8EB0GXWX1,4,1260121599002179,ﾁｭ..ｹ...,EYN9H9N16,蓮すきすきクラブ
0CPFA3PTM,5,1259155551172830,かりん,25PMPEMG7,星見プロ
FM1GCQSEE,6,1258845621146622,C72,MAJT0THVB,眩耀夜行
KY6X3BV7A,7,1252591763339901,とんとろ,25PMPEMG7,星見プロ
Z4TLWEM1D,8,1239093387980921,カポエラー,YE7CX8RNP,能京カバディ部
FWBTX791U,9,1234757996227756,garry,MAJT0THVB,眩耀夜行
LP0BEDRF6,10,1178220584136923,ﾁｭｹで誘爆した,EYN9H9N16,蓮すきすきクラブ
15LURYMC1,11,1164000982605933,ベルトーニ,FVJFA973A,蓮ノ空愛好会
BFBDRTETJ,12,1147391983669763,からいろは,EYN9H9N16,蓮すきすきクラブ
WL6FFE9FY,13,1144220197701210,もょもと,EYN9H9N16,蓮すきすきクラブ
A172AA7DD,14,1139180655478933,にしん,FVJFA973A,蓮ノ空愛好会
G25EXFDYH,15,1112455981848813,いかずちさんだー,25PMPEMG7,星見プロ
U1IQYBNI5,16,1102106226761483,通りすがりの人,BKLW6CR5L,Mix鮭の空!!
J9C1NN8VB,17,1096377863671939,あーびん,VW65MCVF8,スリスリーズ
3Q65ASSTC,18,1094250343274030,ドガース,YE7CX8RNP,能京カバディ部
CO2UVBYHH,19,1089569764286974,Say.Dat.,VW65MCVF8,スリスリーズ
FVG9O3T6M,20,1067824536566528,つづもん,11XTEEEJT,リンクラ料理部
8XP3JM3HY,21,1066549783904670,リンモリ,YE7CX8RNP,能京カバディ部
KMUYDNERU,22,1045533803556915,ゆうし,FC8NBAJBT,ラー麺二郎金沢店
0USG3I0AK,23,1039525097377555,K’gcm,VW65MCVF8,スリスリーズ
WCN6J32TG,24,1031692334225587,しみちゃん,BKLW6CR5L,Mix鮭の空!!
L5FWMMCWN,25,1031669093996272,はむすたー,PBRDPWEY1,村村会
EQOU1ZZS7,26,1029633129000367,あおいペン太郎君,VW65MCVF8,スリスリーズ
1FREY7CCF,27,1028087462932982,ぱ.む.ぱ.む.,11XTEEEJT,リンクラ料理部
W6KGEJ697,28,1026914628217622,まだまだお,BKLW6CR5L,Mix鮭の空!!
JVDRVFFBP,29,1026395917889931,たなばた野郎,EYN9H9N16,蓮すきすきクラブ
HVA8EZJWM,30,1024939237121380,鍋,BKLW6CR5L,Mix鮭の空!!
FSJBKEC6U,31,1023292105845864,ゼクロムレシラム,YE7CX8RNP,能京カバディ部
TW9L2LKS7,32,1014438680431524,日本エア時計学会,YE7CX8RNP,能京カバディ部
B424J17UB,33,1004828960053746,ginkaho,MAJT0THVB,眩耀夜行
DV73OQD94,34,999504243821852,ちゆ,BKLW6CR5L,Mix鮭の空!!
TUHKRV0IW,35,996547619131223,分からん,EYN9H9N16,蓮すきすきクラブ
L6HBG7C3L,36,995400717994265,あまらく@,BKLW6CR5L,Mix鮭の空!!
24M5TJDPS,37,994935973471234,わるつ,FVJFA973A,蓮ノ空愛好会
NJ5M5IZWU,38,992083433430278,まき,R1RM3X0WV,後方腕組みオタク
SM59T811D,39,986152065027054,Case,RWARTHA1M,乙宗梢大好き部
VH1RC5NNC,40,982410944037627,コグレの小指にも,25PMPEMG7,星見プロ
KBI8MUTYD,41,976366417036646,まけれれ,EYN9H9N16,蓮すきすきクラブ
VGWT7LCX7,42,974125081419307,ZUC,BKLW6CR5L,Mix鮭の空!!
D0RVYCT5J,43,972846901257958,MONO,,
VCYWGAUP5,44,963861987537589,ふぁる,BKLW6CR5L,Mix鮭の空!!
7RODEB74T,45,963680446761359,しよー,RWARTHA1M,乙宗梢大好き部
4387Y57EA,46,958052334192298,あなたこなた,11XTEEEJT,リンクラ料理部
64M70NFSR,47,954672607741184,178,VW65MCVF8,スリスリーズ
R3YC2XYYZ,48,953096730929820,秋,GPKTRBCTT,騎空団蓮ノ空支部
68S69TGO8,49,952232991714922,ｲﾉｳｴ,RFYKY8DCD,LA.LA.LA
U7NEBV4KH,50,945282398868811,こーど,BKLW6CR5L,Mix鮭の空!!
NC6WJYFVX,51,944809499795394,でら,11XTEEEJT,リンクラ料理部
6NJM4GUG6,52,943957514650172,三面異次元ギギ,VW65MCVF8,スリスリーズ
ON66GC85Z,53,935952600510187,ミツボシ,JTX1G19BP,さやかほ癒し会
7TAQGMS8W,54,934644562497772,ゆる,PBRDPWEY1,村村会
8GYTX89XA,55,930870316680069,しづの,FVJFA973A,蓮ノ空愛好会
72SX1Q0B7,56,927753309610993,クラブ,YE7CX8RNP,能京カバディ部
GVNJDLBW8,57,927136722872758,魔虚羅,11XTEEEJT,リンクラ料理部
KY1DYH45V,58,926410441551048,ate_san,B5V2LNN43,WMW
IZUFEEX2U,59,920722954270744,アルメ,EYN9H9N16,蓮すきすきクラブ
TKLRD66RN,60,914735844539771,ふじー,BKLW6CR5L,Mix鮭の空!!
GRN5C49P3,61,913878253668764,舞い降りる剣,VW65MCVF8,スリスリーズ
DES39P1DL,62,907553882590329,ポッチャマ,YE7CX8RNP,能京カバディ部
QTHXHSE6U,63,905998131605257,2分26秒,EYN9H9N16,蓮すきすきクラブ
1Y0XFNNDJ,64,905635558804479,てんみや,EYN9H9N16,蓮すきすきクラブ
69B4P3TW1,65,900487888759050,ルアルディ,BKLW6CR5L,Mix鮭の空!!
VFEKJ4R8Q,66,900001826198987,櫻井陽菜ex,VW65MCVF8,スリスリーズ
L8VJOGDKM,67,897665111482183,洗顔,VW65MCVF8,スリスリーズ
5LL48ARPU,68,897580262333244,シュウ,BKLW6CR5L,Mix鮭の空!!
9ENVXR95K,69,895808649467733,マオ,MAJT0THVB,眩耀夜行
4W6BIX284,70,895375654829325,リリィ♡,FK5MUK0ET,くる♡すきクラブ
MEGKKH1W5,71,893835109655992,75,EYN9H9N16,蓮すきすきクラブ
FSHR5FP4W,72,891906855872363,Kian,0B4LPDY69,巣〜極楽〜
BGZ7SP3WX,73,885199644146114,マオカイ,VW65MCVF8,スリスリーズ
9L52YPRA1,74,885050040444801,ハミングバード,FVJFA973A,蓮ノ空愛好会
W51RD80OU,75,882576958609326,赤飯のごま塩,49AMYCXCD,ルドベキア
42J4J5OSG,76,882318499116076,ハラシヨ,W26TRPM1R,めぐ党藤島派
C9ZMT7RH7,77,879338473863772,キミタケ,B5V2LNN43,WMW
6VAVCA9BY,78,879076795255068,兵部京介,BKLW6CR5L,Mix鮭の空!!
67GP30NUW,79,878728692271088,yuba,11FB0EDDT,スクステ同好会
K137HR419,80,876401433777170,しょうご,VW65MCVF8,スリスリーズ
W4E0R6NA9,81,875878251412197,そらをとぶ,BKLW6CR5L,Mix鮭の空!!
M3ANWTEQ1,82,873176727477358,"甘野老oNM,",73CBYJYB0,"oNM,"
JRXUOPXXN,83,871884960108877,ぐんま,49AMYCXCD,ルドベキア
X0N1L475X,84,871203560564637,ぼた餅,J7N4W6Y1K,こずミックラブ♡
PG3THEV4C,85,869643932693648,あお,EYN9H9N16,蓮すきすきクラブ
8KGF3M6WJ,86,869416988783057,ことりの,EYN9H9N16,蓮すきすきクラブ
8OJ4K93MD,87,869359288335827,コロ,HBUK6F7CC,乙宗梢なりきり部
VX6FL3EOS,88,864587536437498,ミミル,MAJT0THVB,眩耀夜行
P73RHEK4C,89,864215979508026,ゆあちゃ,KW0RM1LEP,はすっこくらぶ
MHUB8095B,90,861869080037607,どらろー,25PMPEMG7,星見プロ
P4LVRKG9L,91,853710544421379,月見海月,RFYKY8DCD,LA.LA.LA
XCRX2GAFB,92,851887869265324,なる,WN5B7VKPU,きんぴられんこん
OZHGPXIGS,93,851886942500268,まるごとみなみ,WN5B7VKPU,きんぴられんこん
RV0TDDA7D,94,851415365436803,ブリてっか,BKLW6CR5L,Mix鮭の空!!
J9E2BXTUR,95,850585172879805,そーや,YE7CX8RNP,能京カバディ部
XB2VHAJYV,96,850165680348322,まさお,GMEF2K8DL,花咲く泥も好き²
RKVK0YI1L,97,848321916479023,おらぴさん,1BME38BCD,さすさやクラブ
7VE9T0CUP,98,847202684684551,村・フン民,PBRDPWEY1,村村会
9RV301LEB,99,845577235850571,いもむし,GXR6C85BT,花帆ちゃん親衛隊
838S79KWG,100,844116024210061,紅蓮の破壊神,BKLW6CR5L,Mix鮭の空!!
8JKPKHDHC,101,842556490778449,2252,EYN9H9N16,蓮すきすきクラブ
ISRNX35D4,102,841856024303348,KYB,RWARTHA1M,乙宗梢大好き部
S1JO65QZU,103,839944758623189,すと。,BKLW6CR5L,Mix鮭の空!!
LQEN0GFVZ,104,838029234046186,ごろーざ,FVJFA973A,蓮ノ空愛好会
RND3BA6Q4,105,836477926141092,あゆ,49AMYCXCD,ルドベキア
935BA0WHY,106,836266127573095,にむ,11FB0EDDT,スクステ同好会
8DSWY1SNL,107,835838540577358,お茶とコーヒー,HBUK6F7CC,乙宗梢なりきり部
76L1SWWX0,108,835689304298430,カプ・デカホ,GXR6C85BT,花帆ちゃん親衛隊
IMAK5NFHF,109,834110072589502,よもぎ,YE7CX8RNP,能京カバディ部
1FO8RWDNB,110,832689775620759,色違いスターミー,YE7CX8RNP,能京カバディ部
M8KSSVGQS,111,832493004460607,結ばれる想い,BKLW6CR5L,Mix鮭の空!!
QUQRGUWJL,112,830488810633160,にしおり,F2CFWVMY9,藤島め組
LKY79HKFR,113,828612563483582,こずかほ聖誕祭,FVJFA973A,蓮ノ空愛好会
AL804BYBX,114,824220322802241,はなぶさ,YE7CX8RNP,能京カバディ部
XTY4GG18V,115,822056640303693,こーりん,1BME38BCD,さすさやクラブ
B6XUHLVUZ,116,821810743512882,ればにら,RFYKY8DCD,LA.LA.LA
7YZUF27YY,117,821438332921333,ユウキ,11FB0EDDT,スクステ同好会
NOB5KDBV6,118,818634010979221,しる220,0UT59MJ8U,かほすこ同好会
NLNKEMVRB,119,817608569332921,高町なのはな,FVJFA973A,蓮ノ空愛好会
RFP277XPM,120,816734184073289,スガ,11FB0EDDT,スクステ同好会
W0WYHMBR4,121,816575211934203,リョータ,3BDTCERX6,打ち返した流れ星
HY934N56T,122,816095727793090,キラメキふたつ星,BKLW6CR5L,Mix鮭の空!!
152BPF239,123,815999406482714,たると,YE7CX8RNP,能京カバディ部
ZYAP6N76H,124,815277134599816,ぬわぁんでよぉ,BKLW6CR5L,Mix鮭の空!!
KXMPLAX04,125,813308353882388,ろーぱす,BKLW6CR5L,Mix鮭の空!!
8ZJCO1B8D,126,812932992003302,G4張り重要,VW65MCVF8,スリスリーズ
JAG81QH05,127,810650883814907,たらみ,GXR6C85BT,花帆ちゃん親衛隊
NY9X4SWNC,128,806798780882863,くりマロン,BKLW6CR5L,Mix鮭の空!!
BJI9H7CC6,129,806641105686419,エイジ,KW0RM1LEP,はすっこくらぶ
L13896J13,130,802555324682175,XLD,MAJT0THVB,眩耀夜行
8DV5XX99R,131,802115698443028,あぐ゛,25PMPEMG7,星見プロ
8W61A02JJ,132,801102605363926,ごんべん京,W3YKKRWHG,ルリと愉快な一家
VG14SJGHN,133,800102600065619,りょっぴー,FC8NBAJBT,ラー麺二郎金沢店
K8XN5UVA3,134,797310760383940,ツインドアノブ,W26TRPM1R,めぐ党藤島派
10NAV71GP,135,795784226550670,あばば,MAJT0THVB,眩耀夜行
TXTPD6OZ9,136,793319168352465,stella,BKLW6CR5L,Mix鮭の空!!
CCQ5QCTL1,137,792162137729765,琥珀,GMEF2K8DL,花咲く泥も好き²
7Q17H65NQ,138,790926924960121,mitsu,YE7CX8RNP,能京カバディ部
7VGVR7YBY,139,790421466234010,BANGYOUグ,FVJFA973A,蓮ノ空愛好会
68X4A67UG,140,789809385753309,いたこ,FE282F3VH,天悶部
MNUBWRC8C,141,789018054169475,でした。,R1RM3X0WV,後方腕組みオタク
P4ZNDWHDA,142,788827329836857,どんき,GXR6C85BT,花帆ちゃん親衛隊
K7QAEXJLJ,143,787387881606954,のりすけ,49AMYCXCD,ルドベキア
T95Y9M2F4,144,786988673519321,いくりら,EYN9H9N16,蓮すきすきクラブ
ME00V6X4B,145,786043363553799,オラトニス,BKLW6CR5L,Mix鮭の空!!
ZNS2C16VP,146,784614496122610,トニー,WX1DYC9Y1,ラナンキュラス
LVRF4GDVF,147,784293887639328,たぬ,VW65MCVF8,スリスリーズ
VDNBJFHAE,148,780528893350655,稲妻葵,FVJFA973A,蓮ノ空愛好会
WP2XGUKDR,149,780325783093806,はむはむ,B5V2LNN43,WMW
C9325WMEN,150,778360844075311,潮留美海,PBRDPWEY1,村村会
4KFUM6ADN,151,777663884053864,スリブ練習配信神,M5LHG6R4T,乙宗動物園
JFND2KZVS,152,773284142016980,ルビジウム,FVJFA973A,蓮ノ空愛好会
DRSNNTTME,153,771931952921260,もや,YE7CX8RNP,能京カバディ部
U8OROTM2Y,154,771703325440871,なってしまった！,YCTM6RYDP,金沢おでん同好会
SKN67I1NN,155,769824539832039,在床上睡覺,MAJT0THVB,眩耀夜行
GTVU8FY2P,156,768169482806521,963^3x2,FK5MUK0ET,くる♡すきクラブ
PLE67URFB,157,767103988679921,DasserAN,MAJT0THVB,眩耀夜行
BRJ0XWX77,158,766280936098426,しいのき,EYN9H9N16,蓮すきすきクラブ
ODE064I6J,159,765971961842912,ちあき,M5LHG6R4T,乙宗動物園
CZKJL4VOV,160,765382315361298,キラークラブ,FVJFA973A,蓮ノ空愛好会
FRTXRTHK1,161,761049928934146,コルド,49AMYCXCD,ルドベキア
EFW2PMAHB,162,760694378658954,くら,ABALH0AL3,楽園計画
KWSACZISO,163,759007013531540,すずき,CTW8DKV5P,まったり
5W83UKK4H,164,755091733865304,望月,1BME38BCD,さすさやクラブ
Y2LLTQ4MF,165,753544875346429,Lautrum,M5LHG6R4T,乙宗動物園
12Y4UB4XJ,166,752916213761400,かぴたる,49AMYCXCD,ルドベキア
L71LEGR49,167,751227574482784,かんなぎ,3BDTCERX6,打ち返した流れ星
8HYVGQUX7,168,750893703544829,まさき,CXG25026E,泥のみんなS
JC33CNHML,169,749670354808881,カスかす,PBRDPWEY1,村村会
J5GI3NA6M,170,747424466566817,林檎林檎アップル,GXR6C85BT,花帆ちゃん親衛隊
45NY6HUBX,171,744318485246265,かいこ,25PMPEMG7,星見プロ
4YTEQDE04,172,743618905161047,まんまる,EYN9H9N16,蓮すきすきクラブ
8E70ID58F,173,742238702317180,あるとす,WN5B7VKPU,きんぴられんこん
6X3LMM5NH,174,742048783840681,ズライカ,X7C21B7H7,泥
FYK24K9Y1,175,739716191133616,卓球,HBUK6F7CC,乙宗梢なりきり部
KWNXKNY6X,176,739565605365758,ぷいにゅー,49AMYCXCD,ルドベキア
CL0CDYUYY,177,737970138107343,かなちゃん,PBRDPWEY1,村村会
7XT268BWG,178,736487927793282,冬はこずめぐ,FVJFA973A,蓮ノ空愛好会
91HY4FXBS,179,735381061664661,ももこ。,BKLW6CR5L,Mix鮭の空!!
N6KDBV2A2,180,734693775069410,ハンバーグ,7R8NKPAB1,花帆推し倶楽部
34QCZTDD9,181,731606571161980,ベルりん,J8HXTJ8TB,流し素麺同好会
L6A36K16J,182,727789858082765,08077777,FK5MUK0ET,くる♡すきクラブ
NFXWH51T4,183,726097776536595,そら,KT4C59NXG,めぐ島
5K59F4UVE,184,725119523116549,ガチャ至上主義,11FB0EDDT,スクステ同好会
MTS3N3QJK,185,722264716103766,rifotaku,D5A2EEG7F,わたくしは大丈部
EMFP5HG3T,186,721927398076485,さりっく,GXR6C85BT,花帆ちゃん親衛隊
DYY5UB5XG,187,721418949289904,ミツキ,F2CFWVMY9,藤島め組
AKMY82517,188,720149296208042,いずのあいさん,VW65MCVF8,スリスリーズ
JGREF0BPV,189,718132552000780,風花,494DMR1RJ,蓮ノ空推し活部
LD542Q15X,190,717250495100636,よぜ,YDYH4VRRP,レンクウ
6PNANEUV0,191,717126544516715,なの,WN5B7VKPU,きんぴられんこん
K72PH1O9S,192,716443233897601,わっぴ,9VVUHVLTK,はすのひよこ
1VM9SAJVY,193,715650633069783,ユデジロウ,FVJFA973A,蓮ノ空愛好会
1AZ5EJR7Z,194,715596572264116,Inahime,X7C21B7H7,泥
VD8CGKV44,195,711846402910731,のたく,79C17CHA2,蓮ノ空出張部
W6WFFMRAU,196,711579313567566,ほむまん,0UT59MJ8U,かほすこ同好会
8YL7FPM4D,197,711272200191192,丸メガネ,FK5MUK0ET,くる♡すきクラブ
AT03UHE11,198,709408674113391,えむ,25PMPEMG7,星見プロ
QH44G80K9,199,708442804178644,ぱとんく,11XTEEEJT,リンクラ料理部
LDLTRQ88V,200,707853802612207,しらたま,YCTM6RYDP,金沢おでん同好会
7PLTVA4SD,201,707718005953494,どんきち,M5LHG6R4T,乙宗動物園
LWHJCVJ19,202,707248973391086,小泉コン,FC8NBAJBT,ラー麺二郎金沢店
AFMBX6BPP,203,706997835441234,美鳩AGE,PBRDPWEY1,村村会
J4NN3D06A,204,704843974523675,斯波,FVJFA973A,蓮ノ空愛好会
BJ2YEFM93,205,704826614353711,テンババア,EYN9H9N16,蓮すきすきクラブ
P4BD94K88,206,703350980441142,ﾛｰﾗ･ﾘﾙﾚ,11XTEEEJT,リンクラ料理部
L2DNOMKBV,207,700708103484999,レーン,0TKFF5EG3,サークル名募集中
70NE2637U,208,700411361840571,りふいっと,BKLW6CR5L,Mix鮭の空!!
V6X4BPJ37,209,700219915454264,SHIRO,G59NGM0XA,シュリーレン
OOC27PRN6,210,700103383783777,リリィ,DH6C5B7WF,蓮ノ空FC
ROKS5RRX4,211,699491762353034,れんこん,BKLW6CR5L,Mix鮭の空!!
V578L0R6J,212,698823434270888,mion,AXG81GPMP,蓮ノ空マタギ部
EEODMO0PN,213,696846359799824,kazami,VW65MCVF8,スリスリーズ
IN27C39RY,214,696762435854077,スス,9YM3DBTB7,泥民館
318D0NMN0,215,695725760871821,たまちゃん,4XRHRYDW4,無言でエンジョイ
OWS2KA4SW,216,695278324775043,ごみょ,FVJFA973A,蓮ノ空愛好会
ZHVYQOXPW,217,692265796725843,たかやん,VW65MCVF8,スリスリーズ
45VJN76RA,218,689807541088607,床,EYN9H9N16,蓮すきすきクラブ
AJ713D5X4,219,689663829772371,キョウ,RFYKY8DCD,LA.LA.LA
ZAHTN08A4,220,689512425619556,まいにち,WTJV514G9,蓮ノ空のお弁当屋
BYUQ1C0VJ,221,689384675075249,かわしゅん,PBRDPWEY1,村村会
ERW5FZJ1H,222,688834843810505,藍 (あい),Y2R7E79U3,カワウソ同好会
MY1FSZGKQ,223,686719893449765,カルビ,M5LHG6R4T,乙宗動物園
49TUEFEKF,224,686448115297327,もふもふまじん再,V6VCA0C4N,ドル家の『D』
OC4GF3LF1,225,685040848125509,ゆとり,M5LHG6R4T,乙宗動物園
8DM3VEOM6,226,682869153669437,のん,GVT61ATX0,なのだけれど
NK48LNWT8,227,682321166557127,BaNおぢ,1BME38BCD,さすさやクラブ
BMM78P2WR,228,681624299028289,(・8・),M5LHG6R4T,乙宗動物園
ZYR6MKI25,229,680913912885698,Ringo,L15B25270,蓮女マネージャー
9NMP2LJU2,230,680386692372629,くぼっち,KT4C59NXG,めぐ島
4L1WIM8NX,231,680273006752893,素敵さん,73CBYJYB0,"oNM,"
FYCBDQWGV,232,679309859406338,コトブキ,AXG81GPMP,蓮ノ空マタギ部
YVGO9EHKS,233,678710591686323,やたペン,HBM31HMUY,YUKIZURI
7A2IGCZZY,234,677281375328707,のぐまん,RFYKY8DCD,LA.LA.LA
K8XEDFZF2,235,676990648774979,だいこんばたけ,8R49BTWW6,蓮女お嬢様クラブ
RBOS9CUIB,236,676950710908325,たわ,W3YKKRWHG,ルリと愉快な一家
MC10A5K27,237,676796610002600,マヒナペ,0UT59MJ8U,かほすこ同好会
RRW2O1DH8,238,674194205261425,ふかひれ,49AMYCXCD,ルドベキア
JIKYKGGNX,239,673813876037584,ぬー,HBUK6F7CC,乙宗梢なりきり部
TRLEB6AD0,240,673587420959735,ねんねこ,FC8NBAJBT,ラー麺二郎金沢店
ONG0YLGRM,241,672936929644841,でぇーき@めぐ党,11FB0EDDT,スクステ同好会
DLSZMF1HF,242,672413403433325,小牧,11XTEEEJT,リンクラ料理部
DPQ6HPBXJ,243,672024585472109,黒い秋,49AMYCXCD,ルドベキア
C7IMXOP79,244,671569112381648,ナーガ,,
FN9BYATDE,245,671011139098626,EVO,11FB0EDDT,スクステ同好会
RGE7T0KWP,246,670981097647723,なるる,49AMYCXCD,ルドベキア
4F1HIHA3J,247,670345028144924,きびだんごうどん,11FB0EDDT,スクステ同好会
YHD181KD3,248,669168265137809,an@,KND3T7056,ぽかぽかモガの村
XBQ9DY9FG,249,669001343642848,店長,3A63DYH54,LLすこすこ部
3FE67G88N,250,668792733969929,えーすい,Y2R7E79U3,カワウソ同好会
845LY9UX1,251,666289079865197,鈴木さつき,WN5B7VKPU,きんぴられんこん
RD2UKKFRU,252,665333349170269,ヒツジグマ,D5A2EEG7F,わたくしは大丈部
FDXBWBH2B,253,663094586853440,あおっち,11FB0EDDT,スクステ同好会
NXLLUPEY0,254,662747638164634,ゆ〜いん,R181MKNX1,みらくらは人生！
P3O3FFU0F,255,660527690947991,てんま,EYN9H9N16,蓮すきすきクラブ
4NF07ZA7K,256,658421778558218,ゆーさく,VW65MCVF8,スリスリーズ
GUAB3EU9H,257,657393808043720,くろこぶ,946GHDWF2,まったりハスら～
V7YLMH2IY,258,655908077655206,ゲッコー絵森ア,BKLW6CR5L,Mix鮭の空!!
IEBYCC1D7,259,655523010447927,わらび餅,RFYKY8DCD,LA.LA.LA
O3F93YCLH,260,655376734402813,あおい,B5V2LNN43,WMW
9FCM2N4CA,261,655076774261488,臨倉奴太郎,FVJFA973A,蓮ノ空愛好会
UPWIH0P3R,262,654456093198593,アルカナ,2B97MH4YA,同じ話し何回も…
3V4MPBM53,263,654391841569063,oheechan,X7C21B7H7,泥
CH6EH94XB,264,654155623076316,ばやしこーと,VW65MCVF8,スリスリーズ
QKB6JFPJ4,265,653542444297438,ふぁふま,WX1DYC9Y1,ラナンキュラス
DZD7E4Z46,266,653281080001571,チャックん,J8HXTJ8TB,流し素麺同好会
R2YH223CW,267,652926967240168,惑星デットライン,FVJFA973A,蓮ノ空愛好会
G9KY68ADP,268,650390551825091,よっしー,JE7V5MM31,蓮ノ沼に沈んだ泥
N198BK2ZK,269,650043539373207,Nyon,M5LHG6R4T,乙宗動物園
DCU9XHY3U,270,648695023811323,ワンリキー,YE7CX8RNP,能京カバディ部
CRBY4XCB9,271,648591265503193,すべゆるお,VW65MCVF8,スリスリーズ
PJYEBRURT,272,646665394891754,しょーじ,CTW8DKV5P,まったり
OJ8LRLQKO,273,646105630967045,抹茶あいす,1DU9LCND7,蓮ノ空すこやか部
0GN74WMV4,274,645953851246702,にしきた,8JMW9G2XW,僕らのリンクラ！
TQX0EQZK8,275,645479293738562,そらた,W26TRPM1R,めぐ党藤島派
H4CWPEX7A,276,645268946407318,カイ,GXR6C85BT,花帆ちゃん親衛隊
VVRBWNSVQ,277,644261932337167,かんべえ,WN5B7VKPU,きんぴられんこん
7F72YZWZM,278,643757156614533,K-GO,W3YKKRWHG,ルリと愉快な一家
Z55OCBCZ1,279,643160581650715,すこや,RFYKY8DCD,LA.LA.LA
02DY8MLAP,280,643136042636081,蓮き,MAJT0THVB,眩耀夜行
1T04PFEX5,281,643067187323405,がちはむすたー,X7C21B7H7,泥
T09VDOIFQ,282,642999218184819,ぼぬ,998H940YN,お嬢様筋トレ部
TSIWHEG61,283,642517042127894,らぁら,11FB0EDDT,スクステ同好会
5GUR9X53N,284,641743254823106,すてぽ,2B97MH4YA,同じ話し何回も…
TF3P7YXVG,285,641469463162981,クリスタルティア,VW65MCVF8,スリスリーズ
XTSJ3L8IV,286,639830584632200,Liba,FC8NBAJBT,ラー麺二郎金沢店
8XVGBRB0R,287,638209876552268,ピートミッチェル,49AMYCXCD,ルドベキア
ND6DAW05J,288,637890071379126,パトリシア,M5LHG6R4T,乙宗動物園
DJFBBUV8E,289,636284091239237,トルコ,WN5B7VKPU,きんぴられんこん
BFERXX3NE,290,636216977128824,SE,YFADYJVW4,FPS好きクラブ
X8CGHMUJO,291,636122204155338,さか,RFYKY8DCD,LA.LA.LA
SSDM1G282,292,636107006420089,ポポノタン,9DKR4Y2CJ,蓮ノ空老人会
ALF76WC94,293,635578480407602,あかつき,RWARTHA1M,乙宗梢大好き部
DT57UE7NP,294,635437362972517,たま,3BE2RELRC,見晴台
22F9H0NK0,295,634258590792460,かじみん,JTX1G19BP,さやかほ癒し会
K9XRZKF6W,296,634191242366208,凰沐,MAJT0THVB,眩耀夜行
CPU567Q5P,297,633975302165591,あいざっく,8M6UDX260,ぽけもん好き
KN3FIHXL7,298,632069782226969,トミィ,RFYKY8DCD,LA.LA.LA
C0H1DSB02,299,631592800324208,aoba,EYN9H9N16,蓮すきすきクラブ
KYXUCDX5P,300,631589561596847,米豆梨（みどり）,9YM3DBTB7,泥民館
C9DT5IUUS,301,630086475128120,みしゃにー,NDFW9C99C,素鴨のピクセル
URT1M3CIM,302,629935168720976,おハル,1BME38BCD,さすさやクラブ
P2ENLR3NN,303,629840247562085,ﾉﾚcｲ´=ω=,V6DV6KETG,梢好き好きクラブ
L8ABK1O0Y,304,629746915514429,きゃわ,HWMV33W7Y,フラワー泥民館
4L6ELEBZY,305,628889833801806,ぷっか,BKLW6CR5L,Mix鮭の空!!
EU76L0TJ7,306,628715761635658,とまき,EYN9H9N16,蓮すきすきクラブ
CX5BX990E,307,628642745701831,フツ奴,WN5B7VKPU,きんぴられんこん
MY9GFUXVC,308,627026647675424,きっくー,BKLW6CR5L,Mix鮭の空!!
A1YL665HX,309,626643426264368,dai,YCTM6RYDP,金沢おでん同好会
PN1BVA6D1,310,625965762990795,こはら/えびぷと,X7C21B7H7,泥
NJTVVJ3AR,311,625703810905433,もつに,EYN9H9N16,蓮すきすきクラブ
4N9BBW8FA,312,623538795068587,レベレンドX,PDMPF3VVV,r/LL
DFSDK0DC1,313,623433886707347,Exas,KW0RM1LEP,はすっこくらぶ
4VWR0PK2P,314,622949793704312,ジャガー,X7C21B7H7,泥
M6J593C9W,315,621776476179153,うらかつ,494DMR1RJ,蓮ノ空推し活部
X5BDM3S3M,316,619705718437122,たっつー,RWARTHA1M,乙宗梢大好き部
MY2P7YB3V,317,618176570701849,saku,W3YKKRWHG,ルリと愉快な一家
MNV5KYXG7,318,615536522246199,六天,GXR6C85BT,花帆ちゃん親衛隊
459PSW19L,319,612577399403215,おり,998H940YN,お嬢様筋トレ部
NG3YLD3WC,320,612427558579680,たそーら,73CBYJYB0,"oNM,"
0R6JF8Y94,321,612031408045505,ししゃーも,D5A2EEG7F,わたくしは大丈部
8VNOEJXKL,322,609253328924145,めじろ,X7C21B7H7,泥
19KYGA4WX,323,609233113615083,すがピ難民,25PMPEMG7,星見プロ
371BE8VD3,324,608680897317570,シュリ,HBUK6F7CC,乙宗梢なりきり部
ME5HX7LK3,325,608188842005085,归于虚幻,MAJT0THVB,眩耀夜行
A2AFNK3F0,326,606121471806934,やっしゅん,W3YKKRWHG,ルリと愉快な一家
0IEZ2HUX7,327,604492407805651,はる,HBM31HMUY,YUKIZURI
MT9XVRL4Y,328,604066063158818,レプリカ,11FB0EDDT,スクステ同好会
UGL8LNHRY,329,603884870219705,シグマ隊長,HBUK6F7CC,乙宗梢なりきり部
AK6AYMM19,330,603504273156835,ごろよん,PBRDPWEY1,村村会
VLVZCU5K1,331,602591581779160,ひなつき,B5V2LNN43,WMW
M13CTUF6N,332,602108588920831,ニール,49AMYCXCD,ルドベキア
CS46LXDBO,333,601956893522101,ひらひら,RFYKY8DCD,LA.LA.LA
C1Y7XAVVD,334,601556351521472,keita,0TKFF5EG3,サークル名募集中
4FC73IGQN,335,600972434980569,Suguya,0UT59MJ8U,かほすこ同好会
WYT65FE8G,336,600543357120089,ティーカップ,MAJT0THVB,眩耀夜行
6W15T8F42,337,599161564921415,しう,PBRDPWEY1,村村会
38UURDB7I,338,599153431434204,ヒロイン,FK5MUK0ET,くる♡すきクラブ
DEVDG82YE,339,598691876796852,ジョーくんケツバ,N0EXH1CM1,ぱちぱち徒町
3T48QL4MY,340,597610055398601,るるる,11XTEEEJT,リンクラ料理部
GXADUIMKY,341,597182568264889,みず,G59NGM0XA,シュリーレン
C3F3E5F3Y,342,597118556060202,TATSUYA,VW65MCVF8,スリスリーズ
4TIMH0CPX,343,596392176492433,ソフール,KXB93FVTR,フラワーガーデン
D47ZTCSNE,344,593248753927464,与謝野ユキオ,HBUK6F7CC,乙宗梢なりきり部
OR2FS00BH,345,592961345144341,あぼます,494DMR1RJ,蓮ノ空推し活部
RVY1A8DYV,346,592948262059233,寒梢,MAJT0THVB,眩耀夜行
XK44KNPLR,347,592608168168575,C_T4KE,GXR6C85BT,花帆ちゃん親衛隊
U8MEXM43B,348,592432350988794,千歳,M5LHG6R4T,乙宗動物園
12GTXCH5V,349,592186218155162,Juice,7XH3K4GBT,LLP
FCED0MOWI,350,591741347564940,つかべん,RWARTHA1M,乙宗梢大好き部
WT4NZ287K,351,591272357063026,はなたば,KXU941RFJ,梢先輩おめでとう
MGGGX0GH1,352,590215579174791,脚スタント,VW65MCVF8,スリスリーズ
01F0ML4X6,353,589881363044567,TM,PPAHU1TNY,蓮ノ空のんびり部
UYYHXRA6K,354,589847549535732,めぐみん,V4A5MP41E,徒町チャレンジ！
8Q0P3A5Y5,355,589429566995705,よしお,CM5THHYHB,「」ノ空だけれど
QVXRHXGXB,356,589177598474461,みなるい,6XX7GBM0K,ぷちぐる同好会
GGFPWA50K,357,587495141616398,ゆ～仮,9YG7C0VM7,綴理と無言で昼寝
VV8RPP6PX,358,587330494622482,umeo,WN5B7VKPU,きんぴられんこん
DCS0MRXJM,359,585791165600215,えせ,L28X4MDJN,アフター観たいぞ
3IQMB1JNB,360,585386136866179,さしすせそ,N8L41JAA7,無言 ノルマなし
2XIASO3ML,361,584858795897685,もの。,,
3U37YD7G6,362,584366743312892,くぃ,W26TRPM1R,めぐ党藤島派
LXROXCRPX,363,582374654355234,たな,RFYKY8DCD,LA.LA.LA
D8MCKLGHY,364,581975027515407,じゃからか,M5LHG6R4T,乙宗動物園
N9NJTPBZH,365,581862076740769,ニコ,W26TRPM1R,めぐ党藤島派
9MW641WL4,366,581790160545649,KRMCTH,YFADYJVW4,FPS好きクラブ
VMKV4GULN,367,580861206553507,SGWA,DH6C5B7WF,蓮ノ空FC
3B3N2N19F,368,580730587025074,ゴリリン,0DT3GEJ6C,BBF 金沢支社
E660BE5X1,369,579415019080018,ロコモコ丼,494DMR1RJ,蓮ノ空推し活部
U587LWLVX,370,577311064377424,asagi,RWARTHA1M,乙宗梢大好き部
MMQ9SKZMR,371,576960271613428,"赤福oNM,",73CBYJYB0,"oNM,"
B1480XVVT,372,576137018150625,ハミィ,0UT59MJ8U,かほすこ同好会
INAGE6AD9,373,575781921175916,halxiel,X34LWGL6R,サークル2
RK1U34LGB,374,575155972841883,亀タンク,JDAG79TG7,百合ノ空観察部
8XGER9Q5Y,375,573935934876213,ひろ,11XTEEEJT,リンクラ料理部
FV1BRF9X0,376,573496571455513,あべこーorz,8M6UDX260,ぽけもん好き
T04LMQKYW,377,572518150285476,がぬ,1BME38BCD,さすさやクラブ
53RKA95PI,378,572510218705459,こはく,0TKFF5EG3,サークル名募集中
C8J195ETT,379,571732817850904,Ayumu,MAJT0THVB,眩耀夜行
1Q6V88SU7,380,570563212568225,ぱるぱ,L3NN1RWMY,アポロベイ海賊団
74NVPKIGI,381,570069918229125,"なめろうoNM,",73CBYJYB0,"oNM,"
NWUFRAHLN,382,569557094199967,じゅんじゅん,M5LHG6R4T,乙宗動物園
84CN09DR5,383,569518302884482,むすび,0TKFF5EG3,サークル名募集中
L2WFYHDCX,384,568466225269920,khani,0TKFF5EG3,サークル名募集中
QZCRZT8AR,385,567407101152804,輝く流星,J7N4W6Y1K,こずミックラブ♡
H9GK7YEJ1,386,566815504348445,消耗品さかさま,V33FGRFC4,1限目に遅刻ラブ
JLADG5GPX,387,566095059281942,うぇすとれ,414CEUPEH,アフター見よう！
L7JJ2A0Y8,388,566065601794540,たっつん,KXU941RFJ,梢先輩おめでとう
9LL7HBP0W,389,565291506959626,ALKY,X7C21B7H7,泥
B0KUNBVED,390,565049106116950,みっくん,R1RM3X0WV,後方腕組みオタク
V8AFKEXP8,391,564779250242781,幻,R181MKNX1,みらくらは人生！
AM452HHNN,392,563845181783775,ゆりし,LUDNM40F8,ふくふく無言OK
J63BU63IU,393,561948262397385,イクコウ,M5LHG6R4T,乙宗動物園
8E10AX3J2,394,561228311612255,CAPM,79C17CHA2,蓮ノ空出張部
FYG0EH5AJ,395,561033877162535,R’s八重歯,W26TRPM1R,めぐ党藤島派
G35B741AK,396,560095285382135,矢澤,HBK6KCRPP,無言でおけ
W4V6K6F39,397,558930879266551,ぴーまん,N1DJVPGP8,いつでも咲けるよ
3KVF51XYR,398,558002116522315,わかめ。,D5A2EEG7F,わたくしは大丈部
V7D0CO8AN,399,557842453008137,Sugar,HBK6KCRPP,無言でおけ
A24H959V1,400,557540015718960,やまう,7R8NKPAB1,花帆推し倶楽部
FPUMD8XCP,401,556591995358404,Atsushi,KULVP7FDR,アニマル分室
62NPMRQF6,402,555545141415661,ふく,EYN9H9N16,蓮すきすきクラブ
92BAX6L8R,403,555168986716044,なかさん,EYN9H9N16,蓮すきすきクラブ
AJMEJX0KG,404,554894458118108,こーか,B5V2LNN43,WMW
HLMXHTKGB,405,554564351108573,たまき,MAJT0THVB,眩耀夜行
G8M0NAAWE,406,554061007116325,ちゅけ,FK5MUK0ET,くる♡すきクラブ
F1V3359M0,407,553945330025466,キノ,V4A5MP41E,徒町チャレンジ！
48C2DLNJY,408,553910885105068,鬼ヘッド,D5A2EEG7F,わたくしは大丈部
VA58TGLF5,409,553180054881745,しょうぱな,M5LHG6R4T,乙宗動物園
KJ69D4PA4,410,551732241231582,ぱん,G59NGM0XA,シュリーレン
SCMDKG93Z,411,551693904883212,らい＠まったり,CTW8DKV5P,まったり
S9K0MFOPI,412,550148092451569,あかつき,B5V2LNN43,WMW
764KKEH5V,413,549754968933857,K,X7C21B7H7,泥
WHNM1AT9N,414,549270760022674,チャッピー,W3YKKRWHG,ルリと愉快な一家
U9980M4WQ,415,548301492049465,ザキ,KW0RM1LEP,はすっこくらぶ
ERMMD0NND,416,548135841440871,ふぐ,49AMYCXCD,ルドベキア
H4VR0D1DV,417,547393985604759,そー,WN5B7VKPU,きんぴられんこん
P9G0536CW,418,546426222630908,みっつー,WTJV514G9,蓮ノ空のお弁当屋
C930RLR4W,419,546313294265080,yunoji,BH244Y5H0,休暇建設協会
BDA4ZLNWU,420,545890675030967,ふうら,8J1GJT2BC,近畿の大金沢
R41E9H88J,421,545459509910080,Uすず,V6DV6KETG,梢好き好きクラブ
FWJDTTNBY,422,545325439773716,超ベジータ,494DMR1RJ,蓮ノ空推し活部
F8KHAHURM,423,545254241859875,スバル,JTX1G19BP,さやかほ癒し会
7RKDSBKXW,424,545155362891013,あらさん,11FB0EDDT,スクステ同好会
3U8FCLD8W,425,544915174378922,すけ,HBM31HMUY,YUKIZURI
9HG3AN9PE,426,544655262466702,しいたけ,GXR6C85BT,花帆ちゃん親衛隊
PQHU8G8OV,427,541905659396471,ミナミ,FVJFA973A,蓮ノ空愛好会
NC9GIFJB0,428,541312821121758,だむ,FVJFA973A,蓮ノ空愛好会
QKGZEPZSH,429,540378492990775,敲可愛的酒瓶子,MAJT0THVB,眩耀夜行
F5W4O51H7,430,540138984383385,あねもねちゃん,49AMYCXCD,ルドベキア
PFBHDAGN8,431,539974555313331,ハレ,48BTAPMBG,蓮ノ空魔術部
EEOUGZ125,432,539604831884344,黎,6H800PBV7,新鮮館
I487A8G0C,433,539174639030279,わいえす,B5V2LNN43,WMW
74M5NJZTF,434,537924126141024,lanndamu,RWARTHA1M,乙宗梢大好き部
GTCTFL925,435,537788730437060,あじたま,H837E0M9R,沙知先輩大好き部
V0ZZGADWZ,436,537629186390121,でち,5W8RPRVUA,ド！ド！泥！
0TLDUDJ0J,437,537476692117519,すとーん,25PMPEMG7,星見プロ
1KEVDVFF9,438,537199839858947,のら,WN5B7VKPU,きんぴられんこん
0DKJN8WXG,439,534705436817750,ごまっチョ,KW0RM1LEP,はすっこくらぶ
THT84VUB7,440,533286352714924,オム,8M6UDX260,ぽけもん好き
XYOF53SSA,441,533213230036120,みすとん,M5LHG6R4T,乙宗動物園
ZUIWXH7GR,442,533163367489277,オバタさん,79C17CHA2,蓮ノ空出張部
NT480V79A,443,533066604673483,ゆざくら,PBRDPWEY1,村村会
F53XY7P9Y,444,532460333445824,ゆきち,BCJRMHE75,梢すきすきクラブ
72CKW0EAA,445,532017208301692,にっぴー,PBRDPWEY1,村村会
V3J51SJ8F,446,531924729689854,ゆっきー,1BME38BCD,さすさやクラブ
TLUEBC2DK,447,531598382483801,アシユ,0TKFF5EG3,サークル名募集中
YZTKEETUC,448,531350941674792,イブ,005CDHF0W,Catlike
ZA8HHDJM4,449,531164118230969,中川夏紀,B2KV0EVPD,蓮ちゅきクラブ
MP0KVW4HW,450,531010370591148,みみ,25PMPEMG7,星見プロ
CHJFWLKCN,451,530747857211096,wag,JDAG79TG7,百合ノ空観察部
2LLMP3JEA,452,530736877723307,かわや,0TKFF5EG3,サークル名募集中
43JYBJIVA,453,530729428462928,やこう,GXR6C85BT,花帆ちゃん親衛隊
MTAZVZYZQ,454,530698182536847,あかば,8R49BTWW6,蓮女お嬢様クラブ
F8BJC61BY,455,530092935223339,全力幼_女,3HDDYR4FU,旅人
PFLJMTJPB,456,529736612314695,カリウム,RXXUPMWB9,待機室跡地観測所
9NJQWNFN2,457,529527847029185,としひら,T045NDKW0,♬さやか愛好会♬
LV8A14V4F,458,529075776312760,ゼンマイ,CTW8DKV5P,まったり
ZCRF41KQU,459,527952822767723,SiULY,73CBYJYB0,"oNM,"
4WPGNU9FX,460,527349993894336,ラミュタス,BCJRMHE75,梢すきすきクラブ
U0L572GGD,461,527339652584216,ガリィ,F2CFWVMY9,藤島め組
4H4L09G0F,462,527187471316192,すてけつ,11FB0EDDT,スクステ同好会
FZMYZZPRK,463,526422461264049,彩花,EYN9H9N16,蓮すきすきクラブ
80YJPN7V1,464,526228859861009,シガナ,25PMPEMG7,星見プロ
A60CTPWTP,465,525056993891291,もっすん,M5LHG6R4T,乙宗動物園
KOKTCEUS1,466,525053063524357,にんじんソード,1BME38BCD,さすさやクラブ
0NNB11D72,467,525016700737695,リック,W3YKKRWHG,ルリと愉快な一家
96LVLF86T,468,524781169468790,リョウ,2ULM366U6,毎日がエブリデイ
2AUU5PNBB,469,524759996792659,masaya,PBRDPWEY1,村村会
T8W3G9VWA,470,524714692228529,とれいん,GKR9TEBYC,毎日がホリデイ♪
U02MSU4XI,471,524349442115427,こかな,BCJRMHE75,梢すきすきクラブ
V7DTQN04B,472,523623319774703,タク,CX967RTGY,おんゆあさーくる
7G220TFD5,473,523450673218135,たっと,CVJYALRGU,ラ！の会
K3DA7KEV0,474,523443504130752,カップ,8JMW9G2XW,僕らのリンクラ！
XKLJ2EBER,475,522951645222869,シェフカワサキ,Y2R7E79U3,カワウソ同好会
PFE7K6YNC,476,522648401193399,テニサー幹部,GXR6C85BT,花帆ちゃん親衛隊
81GLQQIAH,477,522251874037683,ジンベイ,6XX7GBM0K,ぷちぐる同好会
C59J9TNAX,478,521108614371275,シヌーン,CV62FGL1U,花咲かせ隊
2UCZTQIV2,479,521067673094817,E5,EYN9H9N16,蓮すきすきクラブ
65MCJCNUU,480,520842307455367,天曰稚蜜,JE7V5MM31,蓮ノ沼に沈んだ泥
0Y3QCF38L,481,520607457997528,小泉くろ,M5LHG6R4T,乙宗動物園
2DV683HDF,482,520004430899586,抹希(まっき),VW65MCVF8,スリスリーズ
FZDZW0KWF,483,519941072896636,つづさや〜,PDMPF3VVV,r/LL
HUREN9CYS,484,519915771686114,千剣の玉冠,KND3T7056,ぽかぽかモガの村
EXJ5F3VAP,485,519649400608619,ゆいさ,0TKFF5EG3,サークル名募集中
L76GX8WR4,486,518865168434327,SIU,EYN9H9N16,蓮すきすきクラブ
XL4KR3J0W,487,518827131419821,あつ,0TKFF5EG3,サークル名募集中
M30MWLT24,488,518415599915860,ゆあゆあ,05KN1RR3U,さやかほ花卉園
455CW4684,489,517553942887974,キングカズキ,W3YKKRWHG,ルリと愉快な一家
R1AFUW6D0,490,516130445815284,いまもん,0TKFF5EG3,サークル名募集中
5Z53SYIYH,491,516114463384196,Shio,11FB0EDDT,スクステ同好会
7NCQUAL3N,492,516050458629765,ドン太,JTX1G19BP,さやかほ癒し会
PK3AW6240,493,515866155547979,悪い子小鈴,R9T0YKDW8,かちまち応援隊
8CWB97P1N,494,515324734747458,おだんご,GXR6C85BT,花帆ちゃん親衛隊
YIGSDJFDL,495,514848609780158,あっきー,YCTM6RYDP,金沢おでん同好会
MDP0NBVAH,496,514610635506580,影02,1BME38BCD,さすさやクラブ
84U35FCIX,497,513942579772208,じゃじゃ,YCTM6RYDP,金沢おでん同好会
YJWW44VBR,498,512989784035215,ひの,RWARTHA1M,乙宗梢大好き部
DE7022HYW,499,512472364879167,ルビー,RFYKY8DCD,LA.LA.LA
0AIT0SH3M,500,512174491190643,Pastel,M5LHG6R4T,乙宗動物園
A5PDNTPN2,501,510711065475526,ゴツゴツのアハン,GG56G6WKD,FF43企鵝冰屋
L6CZJ4VSZ,502,509939588279407,Char,7XH3K4GBT,LLP
UWJC8Y1Y5,503,509845057512233,ロマンティック水,2ULM366U6,毎日がエブリデイ
3LEXE0E48,504,509525873758617,わかめ,N8L41JAA7,無言 ノルマなし
5UT1FEC2R,505,509258240267915,みけ,N1DJVPGP8,いつでも咲けるよ
EQCWYNLEG,506,508741601577771,サグ☆ナッツ,7R8NKPAB1,花帆推し倶楽部
71CYB5LAJ,507,508572023510345,梓弓,D5A2EEG7F,わたくしは大丈部
7M2TYXN5R,508,507516649681496,琉加るか,0TKFF5EG3,サークル名募集中
EFRYPXCJ6,509,506768456420663,はる,JDAG79TG7,百合ノ空観察部
KSVQ1ADIM,510,506474619540119,もぐなむ,MAJT0THVB,眩耀夜行
UYWXG3CKZ,511,505977749856717,はすた,GXR6C85BT,花帆ちゃん親衛隊
IPI65P1CN,512,505425699383057,Maru@@,R9TC4WP0R,はんぺん同好会
G2YIR4WCH,513,503779154078475,みかん,CM5THHYHB,「」ノ空だけれど
JCTUKGY3G,514,503639515031063,pkdk,VNEJ2RNW0,まったりんくら
450AX5PRR,515,503510380563927,ねすこ,GUB0YLPWA,料亭「さち処」
K1XEZQRVC,516,503042027605659,Kay,NC2YT2V28,蓮之愛同予者何人
YLYWCNDGK,517,502723433898038,かいゆー,FC8NBAJBT,ラー麺二郎金沢店
PZPKKFNZ5,518,502494536621342,Asuha,0UT59MJ8U,かほすこ同好会
2WT4NHVZ5,519,502208924841788,のぞのぞみん,11FB0EDDT,スクステ同好会
XDYHQD918,520,501760957453341,いか,8P39YRA1L,慈と愉快な仲間達
HU55NKXPK,521,501087790571552,たっち,EYN9H9N16,蓮すきすきクラブ
V4BF6FLLT,522,499995785970297,あめたま,2K5AM4RV0,とろぺりです
UZQ6XQT5R,523,499447410312174,クロ,JE7V5MM31,蓮ノ沼に沈んだ泥
2OCVD96VE,524,498800073588080,おじょう,4XRHRYDW4,無言でエンジョイ
JRKLLY4D3,525,497657334299092,kazu,HBM31HMUY,YUKIZURI
GVYNT65U1,526,496473910906637,スバるん,494DMR1RJ,蓮ノ空推し活部
HY34E4YKX,527,496162653647799,風,7R8NKPAB1,花帆推し倶楽部
TC29EK6TA,528,496082844974816,えくれあ,FVJFA973A,蓮ノ空愛好会
MAAQ0VBA5,529,495610362208929,モル,79C17CHA2,蓮ノ空出張部
DEWSI29MR,530,495451828813898,ARC,M5LHG6R4T,乙宗動物園
6A1ARNU7P,531,495262268531827,_zuuyan_,FE282F3VH,天悶部
C7514GVOI,532,495190457227230,iopiy,RFYKY8DCD,LA.LA.LA
EMJGXK3AN,533,494597356449733,あき,73N4AB3LR,かほ子のイオン
6U65XRUYI,534,492683710885902,ねこ,MVMP6NNXD,空き時間らくがき
TD1VKW41K,535,492531945611762,ねぷ,V6DV6KETG,梢好き好きクラブ
CK3Z00ZOB,536,492397293615347,vfk-yama,YD2XWWFA4,蓮好き好きクラブ
MX4E268DJ,537,491943952710796,もじゃらんど,48BTAPMBG,蓮ノ空魔術部
542A8BY8D,538,490880143052108,よしこぽけ,V6DV6KETG,梢好き好きクラブ
H5APQ3Y4V,539,490003237867580,sonoda,GXR6C85BT,花帆ちゃん親衛隊
X0REUC1B0,540,489776751448811,ジークハルト,KW0RM1LEP,はすっこくらぶ
2288GCGEH,541,489497266625403,ふへほはひさん,EYN9H9N16,蓮すきすきクラブ
2I4NAUEKO,542,489158278808935,司馬雲英,MAJT0THVB,眩耀夜行
30CWC728L,543,489030914171412,naonao,GVY1F8C9D,花咲くラブライ部
4T6CLBPT1,544,488821940279376,かいじんさん,TXNCTRR1U,瑠璃乃推し隊
3NN79CWQS,545,488186294703421,プー,LYPVAETHY,金沢の泥
T0AGDWEPM,546,487399352915661,姫芽党の長ゆゆ,M5LHG6R4T,乙宗動物園
DPNPWAUOQ,547,487224599990525,たにー,WN5B7VKPU,きんぴられんこん
L31AHYM5E,548,487002436464854,アル,4XRHRYDW4,無言でエンジョイ
7HUTLH24X,549,486132690224212,からすみ,07JW71HWG,良いチケで観よう
MF5AJYWR7,550,485900226101200,あさかぜ,25PMPEMG7,星見プロ
WIN8KLGAN,551,484851135063335,もり,1BME38BCD,さすさやクラブ
AW1YKJ8HD,552,483778908810593,泥田坊,V4A5MP41E,徒町チャレンジ！
HGC8Y4QUS,553,482630423268589,もがの,0UT59MJ8U,かほすこ同好会
GAABA46XU,554,482186292599512,ぴ,CV62FGL1U,花咲かせ隊
BCZN6OFG9,555,481531357205668,あすまぺ,Y6JNPC60C,綴理メイト
LEEU9JZFJ,556,481229593830931,こずかほ結婚式♡,49AMYCXCD,ルドベキア
FG3GU6GA5,557,480548816410093,震,M5LHG6R4T,乙宗動物園
9IZXQRGW7,558,480351840308612,雲雀,0UT59MJ8U,かほすこ同好会
5T57VL8MF,559,480120829446041,シン・柳田・リリ,PBRDPWEY1,村村会
VLKDXGBRB,560,480010957434337,アープ,6XX7GBM0K,ぷちぐる同好会
NWW7GA7JI,561,479254810981681,Zephyr/虎,48BTAPMBG,蓮ノ空魔術部
W5XCH27LY,562,478119540752215,クロ,D5A2EEG7F,わたくしは大丈部
TX3PNRFW0,563,478077170742289,shin,B5V2LNN43,WMW
XBC259K8X,564,477456947084553,メガネ,11FB0EDDT,スクステ同好会
47E9NM0MC,565,476423887499670,バルト,F8MLHU2NV,乙宗梢様､､､
IUC2M7CPB,566,476017672857841,スニャイパー,0UT59MJ8U,かほすこ同好会
XPNWDGIMY,567,475241969868546,すさ,5W8RPRVUA,ド！ド！泥！
HF5CLQ1F8,568,475089373403784,すがぽん,M5LHG6R4T,乙宗動物園
O8A9ZD5IG,569,475031211713529,堅揚げポテト,GVY1F8C9D,花咲くラブライ部
W7IMTL1I7,570,474985112304926,さゆこ,CXG25026E,泥のみんなS
QOE50Z9JA,571,474826386437623,フェス,49AMYCXCD,ルドベキア
7U92CFGRY,572,474582113250165,フラジャイル,FTY0R8KPH,泥の皆様
YFH6GDLTK,573,472840052366524,めぐ島へようこそ,KT4C59NXG,めぐ島
ED3WCG3KU,574,472781714025130,、,FVJFA973A,蓮ノ空愛好会
SE59OH0DG,575,472231022757384,スプリング,X7C21B7H7,泥
VJ89ASDAM,576,471691906233251,まぐろお,7U20138DB,LGP
0RB9J6BF4,577,470850833986105,ぺお,G0WRCNRWK,県立沢庵図書館
GUUN5GB0W,578,470066284615464,むうげ,BKUHCT7WF,蓮女お嬢様部
94GKSM6XV,579,469107726632048,ストレイド,BCJRMHE75,梢すきすきクラブ
E98RC4JEB,580,468877725085204,ししまい,998H940YN,お嬢様筋トレ部
EUCTO3HUZ,581,467522426255439,かわたろう,0UT59MJ8U,かほすこ同好会
7H13P2EPG,582,467431186381665,せとか,946GHDWF2,まったりハスら～
L39ED33GF,583,467417540797614,ナレク,V5WNV1A43,異次元ビリーバー
428BS936U,584,466572159543301,ふじさき,RFYKY8DCD,LA.LA.LA
WWUKMWALP,585,466397001999527,ゆーむ,25PMPEMG7,星見プロ
UW6LOGHFD,586,465829064996242,渡名,KULVP7FDR,アニマル分室
LFPRT4DAP,587,465111192186786,Wolfram,4XRHRYDW4,無言でエンジョイ
Y9VUZJIT2,588,464825417682494,とっし,X7C21B7H7,泥
UU1Y5EPGK,589,464605639150963,かなろあ,M5LHG6R4T,乙宗動物園
W0JH3ZDZZ,590,462847381535540,春風,0UT59MJ8U,かほすこ同好会
19A9MUCBD,591,461710987813772,らゆ,V6DV6KETG,梢好き好きクラブ
EP2VVR3PB,592,461662988582081,いも,1DU9LCND7,蓮ノ空すこやか部
E12RMFCE1,593,461301603956432,ひしょう,998H940YN,お嬢様筋トレ部
RSOOU0EWR,594,461299758340584,エスエフ,998H940YN,お嬢様筋トレ部
CQSYMDA64,595,460295792164844,やっちゃん,1DU9LCND7,蓮ノ空すこやか部
PJWWM7VB6,596,460262318227519,すいみんみん,414CEUPEH,アフター見よう！
LCM66GHDC,597,460182911612854,amoamo,DH6C5B7WF,蓮ノ空FC
NLM0VLA6W,598,459846798187546,ブイヨン,11FB0EDDT,スクステ同好会
I3Z8DKKMK,599,458845221857583,naru,YCTM6RYDP,金沢おでん同好会
ZR84BMV8Z,600,458704402591449,アヒル太郎,RWARTHA1M,乙宗梢大好き部
ME2W2BCWH,601,457966477443605,まっきー,2NY9H8BR9,乙宗紅茶館
ODYS8N8GB,602,457964120422372,でこぽん,D5A2EEG7F,わたくしは大丈部
39Z2746WP,603,457853452040751,かより,NA8FEYN0M,蓮ノ空飲酒クラブ
OYHRPRDN6,604,457222373546466,トマト先生,YE7CX8RNP,能京カバディ部
S44PA6B73,605,456360113296936,しずく饅頭,LY0XPW7NL,元カノ概念強火派
0J17YMF4A,606,455775359229014,あるるかん,9GDHWXGVG,ルリと花咲く毎日
AE06P6XCP,607,455734277883505,かしわもち,KW0RM1LEP,はすっこくらぶ
2VW44LGGL,608,455279984421002,カラメルプリン,FNMV166UY,蓮ノ空喫茶部
F8FF7Q69W,609,454544317200986,ユッキー,D7H8MN2U4,LLD
XYWNUYP3R,610,454502260851268,うたかた,11KVGWXAK,藤島幼稚園蓮組
E1BW0SBYP,611,454464796596499,かすかべ,1DU9LCND7,蓮ノ空すこやか部
YI2HLRX0W,612,453838877063642,リベルテ,N2KCENRKH,猫＆旅大好き部
715HWUL7M,613,452759328505588,クラリス,B5V2LNN43,WMW
H28HW286V,614,452725639296453,みょん,JTX1G19BP,さやかほ癒し会
RD4BMG4UH,615,452362572188204,ふじかつ,XE8513HNP,喫茶カワウ空✨
71Z6P5FC1,616,452307697852948,すつ,YCTM6RYDP,金沢おでん同好会
ZWGHFBK3S,617,451646511509123,DSsuzu,YCTM6RYDP,金沢おでん同好会
F81U86M87,618,451542957528526,ポケモンユナイト,CX967RTGY,おんゆあさーくる
FNZSMW980,619,450875846826333,snow,RFYKY8DCD,LA.LA.LA
Y111EK3MP,620,450553977929853,ダイヤぁ,PBRDPWEY1,村村会
HV0CBWWHY,621,449592822856216,たまごやき,HBUK6F7CC,乙宗梢なりきり部
DUGKFJTKX,622,448739284123453,松山 祐季,NK8CTXAEA,蓮ノ空卓球部
C3E5301MV,623,448350870192937,Peer,D7H8MN2U4,LLD
PK3CH1XXE,624,448234870618493,なつめ,NMT63RUDV,泥村
GHRKDWYUH,625,448187912883012,すわぼた,JTX1G19BP,さやかほ癒し会
ALD7UHWYG,626,447723639087844,ＫＡＯ,Y2HV0YEF7,蓮ノ空を応援し隊
DRATWA3PW,627,447606532848660,キュノラ,CX967RTGY,おんゆあさーくる
JKRUFH2CH,628,447587761552562,双方,,
X0GQORFOT,629,447448395336621,灼熱カバディ完結,YE7CX8RNP,能京カバディ部
EV124MBVX,630,445857393320784,てんnew,RF5215M2U,スクステ同好会②
KDJTR7PVB,631,445615368765797,ありしあ,K8C99H42D,ルリと喜ド！愛楽
A4VCUZCDY,632,445396939014292,しずくま,PDMPF3VVV,r/LL
VJF8HF7JA,633,445310944429379,フラワー,05KN1RR3U,さやかほ花卉園
VNF3FHCBR,634,445260530520539,グリード,8R49BTWW6,蓮女お嬢様クラブ
MGVR2Z027,635,444859824876241,オクラホマミキサ,1DU9LCND7,蓮ノ空すこやか部
MOFJQHVV8,636,444755191352175,ユキ,9GDHWXGVG,ルリと花咲く毎日
7JNX2DBCM,637,444530387741719,おぎくぼ,11FB0EDDT,スクステ同好会
J6B943VP6,638,444429499129828,まぁ,UYCT3Y4JK,蓮っ子
7H3AJT3DL,639,444383427499783,まろん,CX967RTGY,おんゆあさーくる
20YXRIO59,640,444372003245886,イカ公,6045Y2RW7,ポチっと！蓮ノ空
06K5U684T,641,443980457531476,らぎあくるしゅ,KND3T7056,ぽかぽかモガの村
HH9Q5BUF8,642,443742192040812,れじぃな,1BME38BCD,さすさやクラブ
2RXBMCHH9,643,443369752935642,ぶるおんせん,YE7CX8RNP,能京カバディ部
S7PDFX3DD,644,443291062420898,Ruby,494DMR1RJ,蓮ノ空推し活部
9KW789LG7,645,442654668200530,しずおぢ,1BME38BCD,さすさやクラブ
LEWSH3WFU,646,442438755713118,ぷりぷり,GKR9TEBYC,毎日がホリデイ♪
K58KYI7W9,647,442157603675497,さわ,CTW8DKV5P,まったり
K8NUIOH6S,648,441755620289846,アッツン,J8HXTJ8TB,流し素麺同好会
82XHVVXLA,649,440951190311230,Tep(TH),0UT59MJ8U,かほすこ同好会
7DWBCEDH5,650,440583089182136,無責任,HBUK6F7CC,乙宗梢なりきり部
HPD6MD12G,651,440455186847567,ヤルダバオト,JDAG79TG7,百合ノ空観察部
902WTV9GJ,652,440371497431211,captain,FH7G62PKW,月火水木金土日
U4Q9QD42M,653,440149414413826,シマリス,HBUK6F7CC,乙宗梢なりきり部
J3UNS4PQW,654,439724706211030,チゼ,1BME38BCD,さすさやクラブ
MGO4M6TKM,655,439098201770744,ユノ,RHU8M5VUL,幼馴染同好会
4HQD30FDE,656,437916148567076,える,BCJRMHE75,梢すきすきクラブ
A3GT3EAPG,657,437814495737319,ichiro_j,0TKFF5EG3,サークル名募集中
0KCH6B5TN,658,437029684781413,ぴょんた,49AMYCXCD,ルドベキア
4MRCJO6P2,659,436885582595750,スパボ,D5A2EEG7F,わたくしは大丈部
89RH4G5PY,660,436293711550988,KC,494DMR1RJ,蓮ノ空推し活部
THPSZE8AV,661,436140939665033,えんぬ,6XX7GBM0K,ぷちぐる同好会
WLUXAH66F,662,435964280430513,りじ,V4A5MP41E,徒町チャレンジ！
VFXK1UUMF,663,435922062768189,やまやまと,GMEF2K8DL,花咲く泥も好き²
CXPCVK9R8,664,435853237986256,エイメン,FE282F3VH,天悶部
NJVVKGXSK,665,435806368698694,FUMINEJI,WN5B7VKPU,きんぴられんこん
TFGJ6BEY9,666,434804328861502,がっくん,V6DV6KETG,梢好き好きクラブ
EK0XXP482,667,434239636575456,きり〜こ,JE7V5MM31,蓮ノ沼に沈んだ泥
LLH9VNB3R,668,434066033426997,リエル,M8LEKM6U4,ルリめぐ
6ZGKMMMSV,669,433966552039986,カヅキ,4WWM4VVDK,蓮ノ空遊戯開発部
KUX508348,670,433802023745402,すくたれもの,79C17CHA2,蓮ノ空出張部
MVT7K6KDL,671,433354778608001,一ノ瀬リリ,MAJT0THVB,眩耀夜行
39T0J8544,672,433224288806776,雪利,79C17CHA2,蓮ノ空出張部
M75U576BU,673,432793676448303,らんしょー⁶,VN1LXEHLR,綴理、愛
T5FHM6LNR,674,432586054149115,狐,48BTAPMBG,蓮ノ空魔術部
4NT0CHOHL,675,432274040453714,みそしる,M8LEKM6U4,ルリめぐ
B6XFP7VNH,676,432043318453458,mi,4XRHRYDW4,無言でエンジョイ
WH6L0E1FH,677,431914104272511,えでおじ@こにゃ,0TKFF5EG3,サークル名募集中
0FFKIEWPN,678,431847182248914,yn,0UT59MJ8U,かほすこ同好会
0GWYFP0AP,679,431721361524069,あお2,Y2P9LABR2,スクステ同好会③
C6DK72D1C,680,431541376754206,そや,BCJRMHE75,梢すきすきクラブ
G5XP7HP0M,681,431480283235293,白聿,NC2YT2V28,蓮之愛同予者何人
M5KH7N8V6,682,431474300587948,三千院羽月,J800VVPTN,Aqours
0XN7DUJUU,683,431088313472891,ながいくん,RFYKY8DCD,LA.LA.LA
6X2PSP3DZ,684,430706906354999,ざっきー,P4NGERDXF,こじらせ部
SMHTGNN80,685,430617447456795,ブルー,1BME38BCD,さすさやクラブ
85NX5JDGB,686,430487367453639,いろはす,79C17CHA2,蓮ノ空出張部
4FGPNYMSS,687,430464538185897,アルファディオス,VW65MCVF8,スリスリーズ
W3RBWWDYM,688,430110384116705,ドルバロム,VW65MCVF8,スリスリーズ
E414UTOTC,689,430072898584690,コッシー,DKNHY5HH6,なす料理研究会
L0HOC7EEE,690,429978147714691,名もなき小市民,YE7CX8RNP,能京カバディ部
EIKH27TI8,691,429874052454081,あおはる,GKR9TEBYC,毎日がホリデイ♪
UZRS5HZOE,692,429633946989684,RX-178,PLBBEX019,視聴覚室目指し隊
17UYW4NFL,693,429387663377717,まえだようすけ,B5V2LNN43,WMW
LWPHMPLJH,694,429372296654239,日向 みのり,,
9TCT4KUVJ,695,429370051907094,あいすまんじゅう,6FWRD1K40,いちじょ海賊団
T3QL9JKGZ,696,429331525181943,だ,W26TRPM1R,めぐ党藤島派
ZX04ZZ2IW,697,429181833777029,きく,YCTM6RYDP,金沢おでん同好会
ZVZS6JQ72,698,428802773047330,だてまき,0UT59MJ8U,かほすこ同好会
MWBIKHWKH,699,428454897119754,わんたん,0UT59MJ8U,かほすこ同好会
1A89S5KW0,700,428122292157429,流布,11FB0EDDT,スクステ同好会
NDF10E002,701,427857718029809,ゆかり,Y6JNPC60C,綴理メイト
8VGP4G7PN,702,426913958835142,えるたそ,2ULM366U6,毎日がエブリデイ
LNTJFQNJ4,703,425803715995537,雪人,V6DV6KETG,梢好き好きクラブ
MK43XM5R6,704,425530552960308,ぐらしあ。,AXG81GPMP,蓮ノ空マタギ部
BFY0CMXKL,705,425418238667533,ヨミ,CM5THHYHB,「」ノ空だけれど
XX2YW3264,706,425418179859053,あるて,CV62FGL1U,花咲かせ隊
T1RC9W5XT,707,425413679929547,话不多说，开残!,V6DV6KETG,梢好き好きクラブ
29DLPDMXU,708,424772546413585,りゅー,05KN1RR3U,さやかほ花卉園
YYT3VDTXD,709,424694120523920,イノベ,MUXWTW1GV,蓮の空見守り隊
YITVM7SHL,710,423475335473535,s27,11XTEEEJT,リンクラ料理部
5KXTYUA3E,711,423326722498075,タコ,KXU941RFJ,梢先輩おめでとう
JNM0HFUXA,712,422876980646469,唯,MAJT0THVB,眩耀夜行
AY3WK79BW,713,422342178656913,Aegis,YFADYJVW4,FPS好きクラブ
HU31WK3D9,714,422310919705112,ぷるもにか,4RY75CKM4,LLすこ部　メ募
YLGVH328E,715,422210123226987,めぐミルク,V4A5MP41E,徒町チャレンジ！
4U8JF7WBG,716,421910798364842,眩耀夜行,2KJ2UEC3P,蓮ノ空端末欠損部
FY3NQU6M7,717,421353922459662,やきプリンのプロ,0UT59MJ8U,かほすこ同好会
9L8A47NPK,718,421075415690907,大坪あなご,FG5VFFNRK,蓮ノ空おじさん
G1BN34PKO,719,421069381807412,ぽんざしらふ,9YM3DBTB7,泥民館
9QO93VCZF,720,420780622365080,蓮ノ沼の泥,HBM31HMUY,YUKIZURI
AWH20IHAB,721,420619707669225,明見鳥,1DU9LCND7,蓮ノ空すこやか部
858VFPHL6,722,420015553542216,キラ,J8HXTJ8TB,流し素麺同好会
JME01B1A1,723,419571858301503,ハクチュー黄凛,WN5B7VKPU,きんぴられんこん
0JCJQG554,724,419566420033600,イーサン,73N4AB3LR,かほ子のイオン
AXNUE33I7,725,418662947631352,♨釜玉うどん♨,N2KCENRKH,猫＆旅大好き部
DM845G6CU,726,418395816492060,Mea.,Y2HV0YEF7,蓮ノ空を応援し隊
6J8FP70CC,727,417423963266199,村ッけオニゴーリ,PBRDPWEY1,村村会
7CCT3RP0T,728,417315093073317,がお,N1DJVPGP8,いつでも咲けるよ
YLQKVDHGG,729,416836093579198,皆月,R181MKNX1,みらくらは人生！
9NUAF91LJ,730,416672966317993,シエル,KW0RM1LEP,はすっこくらぶ
QN80AZ200,731,416554763940891,(´・ω・｀),BH244Y5H0,休暇建設協会
B9P5BJ9BE,732,416518298328155,ペトラ,2NY9H8BR9,乙宗紅茶館
ZYVGB70CC,733,416049561492995,かすが,JDAG79TG7,百合ノ空観察部
0YNR6FZYP,734,415992831405518,アカミソ,BH244Y5H0,休暇建設協会
F1OJJRMRE,735,415884239729989,ほわぁ,WX1DYC9Y1,ラナンキュラス
X53CRC1BL,736,415689356860102,おやつ,HBUK6F7CC,乙宗梢なりきり部
U9WAMY512,737,415399960069471,やこ,PBRDPWEY1,村村会
RMH27ZIYV,738,415324858589591,シグレ,CV62FGL1U,花咲かせ隊
GKP6VRGX5,739,415131859341274,そほう,D5A2EEG7F,わたくしは大丈部
VP8ALT1CU,740,415005133550475,どら,GXR6C85BT,花帆ちゃん親衛隊
FD7RWBHMV,741,414910739852215,jun,RWARTHA1M,乙宗梢大好き部
9I1VJ6KP7,742,414305923757570,MYAS,0TKFF5EG3,サークル名募集中
J0CF7WY7R,743,414022867474968,おーちゃん,B5V2LNN43,WMW
RWCQ6YE13,744,413762107366212,おかじゅん,M5LHG6R4T,乙宗動物園
6ZQDZ2WMR,745,413358794654402,きらむ,FE282F3VH,天悶部
LX2J0YDAZ,746,413148976770108,Judy,GMEF2K8DL,花咲く泥も好き²
TX9MKAUDA,747,413013866504217,ブランドン,CX967RTGY,おんゆあさーくる
BVM8BKKVK,748,412712103003099,伊吹,GVY1F8C9D,花咲くラブライ部
51JKTXYGL,749,412668831483406,みずきち,C68491XHB,みらくらぽーく！
EDC4D38E2,750,412110476383441,ぱん粉,W26TRPM1R,めぐ党藤島派
9YELCCB08,751,412050076428383,いふ,5KK3DFY18,MUGEN∞
DFBXXJLL3,752,411967304749077,ポット,RFYKY8DCD,LA.LA.LA
TWDVYFCM2,753,411494664174444,いぷ,1YLFFXC1E,安土桃山時代
MTC3Y7T16,754,411473313205960,こえたから,79C17CHA2,蓮ノ空出張部
M2YAWFRX9,755,411404180448023,Syn,11XTEEEJT,リンクラ料理部
5Y53B82FU,756,411001803521089,紫(花帆ちゃん推,RWARTHA1M,乙宗梢大好き部
T8IMQLFKA,757,409821196577101,Alkaid,FH7G62PKW,月火水木金土日
AEXWSLMBY,758,409634356323455,じゃが,M67ACEP3M,オーバーブースト
L31NRD4ON,759,408758396346082,はる,JA2C658FW,さや綴理の村人
7TQ0F31K6,760,408174337583403,こらそん,1BME38BCD,さすさやクラブ
16J4RMFUM,761,407679967716075,めぐります,MUXWTW1GV,蓮の空見守り隊
VKNVBR7S7,762,407343200012281,リリ,WLFW6UCX5,無敵級ビリーバー
VE60S6VJV,763,407315634166384,ㅇㅇ(39.7),11FB0EDDT,スクステ同好会
X7RPCH2CD,764,407038643747623,アレックス,0TKFF5EG3,サークル名募集中
NOBSSQRBX,765,406795038390552,パタポン,1BME38BCD,さすさやクラブ
2VXKJLFAK,766,406636787335616,浪速の轟砲,AG9PKMMC3,ぱかぱか同好会
3EA3R0TYA,767,406614977253373,あすか,F8MLHU2NV,乙宗梢様､､､
C5279V59A,768,406549705527421,oratorio,HBK6KCRPP,無言でおけ
3CUF2RF7K,769,406294753928309,大和銀,KW0RM1LEP,はすっこくらぶ
RMVX46VVG,770,406222388071750,きのと,FE282F3VH,天悶部
67IVLJVB0,771,406038941050514,ねこるて,CX967RTGY,おんゆあさーくる
7LOYVCMEZ,772,405839371617073,るべ,HBUK6F7CC,乙宗梢なりきり部
48JBXD6ME,773,405827988313916,TIK,1BME38BCD,さすさやクラブ
VBDVPK1VH,774,405266031845381,新手工作人員,Y337R7BW9,中国の蓮之空圈子
3DV369HW4,775,404930984419889,はとたらう,DH6C5B7WF,蓮ノ空FC
P7DXEVYFE,776,404854228077844,Watitto,Y2HV0YEF7,蓮ノ空を応援し隊
M1CI452K7,777,404843776747409,クロノ,VP0K6KF0K,蓮ノ空大好き!!
2KPFCFVJ0,778,404355311967234,リセット,MAJT0THVB,眩耀夜行
M7R461AQ4,779,404349073698738,みりおん,R1RM3X0WV,後方腕組みオタク
TJ2EL63EH,780,404179160256925,まっちゃん,J7N4W6Y1K,こずミックラブ♡
3YBA858WE,781,404085841664886,とやを,N0EXH1CM1,ぱちぱち徒町
Z5AGF2FTZ,782,403285282491655,とまと,M5LHG6R4T,乙宗動物園
UI5ZNYZLE,783,403171835460744,勝勝,FTY0R8KPH,泥の皆様
K2JMAM878,784,403042208971055,ALSE,NC2YT2V28,蓮之愛同予者何人
OLZWE0YRK,785,402914291699898,アスカ,YD2XWWFA4,蓮好き好きクラブ
8M4CNXUD1,786,402806428197945,果汁,7U20138DB,LGP
Z4UQWX99L,787,402491874402892,どらやき,KT4C59NXG,めぐ島
KH8WDYG0W,788,402369123388259,リオ,25PMPEMG7,星見プロ
2E7QQUULE,789,402228787123196,sho,494DMR1RJ,蓮ノ空推し活部
CHLCVOL10,790,401788161304544,れあす,PBRDPWEY1,村村会
H8B209M8Y,791,401313687809747,bd波導,J800VVPTN,Aqours
951MHO8EI,792,400655630150324,もりょー,N2KCENRKH,猫＆旅大好き部
4ME4T0F13,793,400577659996417,クロウ,L3NN1RWMY,アポロベイ海賊団
0STI22GS3,794,400486629034038,マウスル,RWARTHA1M,乙宗梢大好き部
UTYSFLDSK,795,400466837229343,どう,V78LAX1HN,蓮ノ空ボドゲ部
7JYP28F29,796,399947309456074,苺牛乳,CM5THHYHB,「」ノ空だけれど
IEQVGJ4Z2,797,399598435081523,坊,G59NGM0XA,シュリーレン
B471KYA89,798,399472903185658,アスラン・ザラ,KT4C59NXG,めぐ島
STYD2YWWM,799,399178344079164,ごば,11FB0EDDT,スクステ同好会
1N4WI9PL2,800,399041567177992,6号,11XTEEEJT,リンクラ料理部
LH75E5TGT,801,398385827147725,ぷろりん,0UT59MJ8U,かほすこ同好会
G9KZQ5RPT,802,398350834699245,あずまき,CTW8DKV5P,まったり
2WAIQS7WK,803,397886273852064,AIMe2,TK9E1BB1P,無言で自由
9BRVF2KFM,804,397554079146247,まっち,4FXPC55PY,PPIHクラブ
63AJ2C8JK,805,397463522739030,ながれぼし,PBRDPWEY1,村村会
HB7JNHJN3,806,397379237737393,わぶとら,,
8Q9YTKSM2,807,397355688996662,るる,4RY75CKM4,LLすこ部　メ募
MCLPXRE1E,808,396897435676472,ファラオ,1DU9LCND7,蓮ノ空すこやか部
1A279T9WC,809,396227341403336,ねば,3BDTCERX6,打ち返した流れ星
YS54DOFNV,810,396092450660270,ぬこぬこ,B5V2LNN43,WMW
7YHYKRWN3,811,396028392911468,メイツ,N8L41JAA7,無言 ノルマなし
A04MI5SSQ,812,395602533728923,はるかぜ,RWARTHA1M,乙宗梢大好き部
B20V71P72,813,395596260814531,Kano,AWFDLJ1HC,小蓮花（重生版x
HRGE6XY4D,814,395343031439775,おかだ,6XX7GBM0K,ぷちぐる同好会
JW6QPV8JC,815,395011921080815,あるそーやん,90U18712V,大野お台場公園
DLEAUCSDC,816,394826824025628,ゆふ,X34LWGL6R,サークル2
VFJV4WLT6,817,394366981574245,奇策,J800VVPTN,Aqours
XGOPXK6EF,818,393115385817961,ヲタン,49AMYCXCD,ルドベキア
YJ6XMPJT5,819,392283418616612,れる,UYCT3Y4JK,蓮っ子
TBWFHHE1Q,820,390986960462021,karapo,7U20138DB,LGP
E9LVB2F95,821,390746631661106,せみすぺ,DFXN9DB2H,どんぐり共和国
VTNY8S6TV,822,390000054790248,cocoa,F8MLHU2NV,乙宗梢様､､､
DXN1X5JYF,823,389952431001989,ここのん,W26TRPM1R,めぐ党藤島派
49R4M93J6,824,389487723443153,くしん,KXU941RFJ,梢先輩おめでとう
CW1FRNLB8,825,389447591486983,kazu,B5V2LNN43,WMW
1U3IE6OEV,826,389381056647607,よすよす,V26546K3D,乙宗気合筋肉
D091ANCFC,827,389309024057037,ぽっぽ,998H940YN,お嬢様筋トレ部
K81OFWD3N,828,389151289859275,炊きたてライス,PPAHU1TNY,蓮ノ空のんびり部
9DN39ABXR,829,388691667908080,じぐないん,RWARTHA1M,乙宗梢大好き部
RM8XVIS1J,830,388546771071554,ローレンス,KW0RM1LEP,はすっこくらぶ
L10RA8434,831,387935880767565,なこちぃ,K4TAHF9YA,はすっこ準備室
F4GBY0CFD,832,387485880451100,merumo,UEJMMVF33,さやかほ緩々会
QMTRT7QBS,833,387107509159532,みかん星人,JA2C658FW,さや綴理の村人
P34EPD352,834,386717975201065,ゆー,9JTF508LB,スクスタ亡霊部
FGBAF868U,835,386159371641781,たかな,GXR6C85BT,花帆ちゃん親衛隊
UMVG7J10Y,836,385499417010955,おーたー,EPWMMAXNY,蓮ちゃん初心者
TG7EGU3PX,837,385347630069572,パトリック・雄平,BCJRMHE75,梢すきすきクラブ
4GFTHESOY,838,385010797483261,あた,JTX1G19BP,さやかほ癒し会
V3HW6H9CB,839,384735738544281,うま,0UT59MJ8U,かほすこ同好会
ARB6FHC6U,840,384473494838126,なべし,79C17CHA2,蓮ノ空出張部
CPT5ULJL5,841,384232481790694,シュウ,FVJFA973A,蓮ノ空愛好会
W7VN7JF3V,842,383856898315104,ツユクサ,43HRXMXWA,無言OKクラブ
F0546GHPH,843,383694540274718,ようへい,D5A2EEG7F,わたくしは大丈部
EY3R9SBM8,844,383676348885506,くぼT,1BME38BCD,さすさやクラブ
6TJXG4D50,845,382767125598598,ヌンムリン,11FB0EDDT,スクステ同好会
K62M4WLKT,846,382763403657851,アルヘナ,0UT59MJ8U,かほすこ同好会
AWD2YPC26,847,382125618907054,牙狼ハンマーつづ,PBRDPWEY1,村村会
8WZJM0HXM,848,382063272189281,Marineya,8R49BTWW6,蓮女お嬢様クラブ
8R81JOJWW,849,381986270264421,saki,2NY9H8BR9,乙宗紅茶館
E654ER5U0,850,381436586889008,Rinka.,79C17CHA2,蓮ノ空出張部
KUBMB2477,851,380595547411915,きゃむ,0UT59MJ8U,かほすこ同好会
A0PQIHNP6,852,380316312263599,カメリア,H837E0M9R,沙知先輩大好き部
XKRN0VQH2,853,380232014350331,ゆーき舞台創造科,3BE2RELRC,見晴台
FUURA79AK,854,379702505619741,うっちー,G59NGM0XA,シュリーレン
HC9P8IT0V,855,379311940785648,やまねこ,D1YHB0B1A,BWO
WNK2YLKKY,856,378693024085222,なす,Y6JNPC60C,綴理メイト
UWTH7CJXX,857,378093767263410,アウル,GXR6C85BT,花帆ちゃん親衛隊
AUEOHWX6Y,858,378088842594389,ざき,EECF9C0N3,蓮ノ空　茨城分校
K4KXET9FL,859,377853496102844,センソン,KFC62L0FV,ねるねる同好会
0N6HXDW65,860,377321572075068,masao,CX967RTGY,おんゆあさーくる
H827FHG5T,861,377064257932669,つな,FC8NBAJBT,ラー麺二郎金沢店
U657JMLE5,862,376868686563567,ダーリン,BH244Y5H0,休暇建設協会
79OHCMGA6,863,376588619517317,ユーレン,WN3LHKX0L,レンコンおいしい
XR0335DPE,864,376470170572798,はやと,48BTAPMBG,蓮ノ空魔術部
XJA5BDOW7,865,376279742095080,ちや,49AMYCXCD,ルドベキア
FB415YHRG,866,376104261485269,ゆさまこと,V26546K3D,乙宗気合筋肉
P4KCF883B,867,375885803480494,AC,0XUV5025C,めぐめぐバブり隊
RUM9HUP9C,868,375796471745398,しーだーゆ,3BDTCERX6,打ち返した流れ星
KVRSXLYW0,869,375717404051645,かねはら,8FR866PRY,蓮っ子みらくラブ
JM6NJJML7,870,375325105944326,piyo,BXC1T2HY2,初心者の集い
0AF3ZJV16,871,375304543867278,あどび,GVT61ATX0,なのだけれど
XP37Y6W68,872,374974351568186,#るる,R181MKNX1,みらくらは人生！
2ADC9VMMF,873,374897458206572,つしまつちやん。,GXR6C85BT,花帆ちゃん親衛隊
0EN9NURA5,874,374873153725430,さらだバァ,MWHJ339TF,UOは合法同好会
6HB9UU73G,875,374207393908649,肉@みらぱ神,8R49BTWW6,蓮女お嬢様クラブ
M96XRQZRW,876,373951466417610,一輝,RFYKY8DCD,LA.LA.LA
EUGC8KAFF,877,372984921266434,クロト,51CF1LTGY,ラ研連合
GYOTXMQBW,878,372892358195087,榊,2JVBK752G,卍愛蓮説卍
H3Z6CCL18,879,372880916027847,リスグラシュー,NMT63RUDV,泥村
7ZHB0KXWK,880,372785704483803,ゆゆ,PLBBEX019,視聴覚室目指し隊
UPYDB5L52,881,372337624218136,もも,M8LEKM6U4,ルリめぐ
5LTYV6RWU,882,371510718747435,みあ,GXR6C85BT,花帆ちゃん親衛隊
KHR1E1TUB,883,371433179163050,こう,8JMW9G2XW,僕らのリンクラ！
SID3ZQ2MB,884,371359172699453,もこナタ,HWJ8XPW0T,箱推しなのだけど
WD2H6XGEC,885,370905532030886,トマカノーテ,YE7CX8RNP,能京カバディ部
1CWT30PGP,886,370516619964286,花宮家の執事,MTBP3B4GM,ふらわーすきすき
66VFZ9V1V,887,370499902433603,「」止已,NMT63RUDV,泥村
ASLXPDS1Q,888,370498876352567,ささみ,Y2R7E79U3,カワウソ同好会
UMVKT7BBJ,889,370220301329300,ゆ,RWARTHA1M,乙宗梢大好き部
P4KGS0JI8,890,369966085568842,けーる,CM5THHYHB,「」ノ空だけれど
J37DIXIZI,891,369783627874843,ぽそ,HMBW9DXY2,蓮好き皆あつまれ
8B1WWT6YA,892,369287533550777,まじまんじ,BH9YH1YL5,ラブライバーの森
I8TMVU8IM,893,368857982663376,薫,HBK6KCRPP,無言でおけ
0VVAUBJJ5,894,368600510377894,pop,8JMW9G2XW,僕らのリンクラ！
UM2LVWXA3,895,368484902954294,れのあ,9YM3DBTB7,泥民館
DD5XSHXFG,896,368423936922658,うえ2,CTW8DKV5P,まったり
BL0BGN2JZ,897,368324729143426,せて,6XX7GBM0K,ぷちぐる同好会
63GWN43GA,898,368298733008747,アモモンガ,WAT20PN3Y,こな党
UPB9XUXDU,899,368148320322503,サム,79C17CHA2,蓮ノ空出張部
TVR55LRDJ,900,367253024785100,ナオお姉ちゃん,CV62FGL1U,花咲かせ隊
MBMH5XA5A,901,367247738777299,しあふす,JDAG79TG7,百合ノ空観察部
E1FUAMAEG,902,367180185020270,紫炎,9JTF508LB,スクスタ亡霊部
3V7XRLH5E,903,367082600198117,G.A.L,HMBW9DXY2,蓮好き皆あつまれ
1LAH24JYU,904,366672414693434,なぎ^3,FG5VFFNRK,蓮ノ空おじさん
EIJ9NR6QJ,905,365880769602150,もんじゃくん,9W43TY3MB,兎小屋ｼﾏﾘｽ部
73OUNPHVO,906,365428529837485,こう,KW0RM1LEP,はすっこくらぶ
E42SLTUG5,907,365398502664146,シオル,GUB0YLPWA,料亭「さち処」
ISK5MIR6S,908,365332026262875,みぃ,R181MKNX1,みらくらは人生！
PETGW0DZK,909,365127315707670,ふぁー,J8HXTJ8TB,流し素麺同好会
9IFI84VC4,910,364095337593991,海未,YFADYJVW4,FPS好きクラブ
PNCHE9KS0,911,364003397128982,凡ばぁどけーじ,WN5B7VKPU,きんぴられんこん
MKWDCKPYV,912,363739482796954,会長♪,494DMR1RJ,蓮ノ空推し活部
19TPGHPF9,913,363564367805353,ko-g,2A69E25N6,ゆめみづほ
04TRE8XUQ,914,363559456702630,kuro,WTJV514G9,蓮ノ空のお弁当屋
TD6PV67JX,915,363493121707613,azuki,5WUDLMWEP,蓮ノ空は明日ノ空
FXNBXLOUO,916,363295316854649,ハシボソ,Y2HV0YEF7,蓮ノ空を応援し隊
2JEPGGIMS,917,363255217378790,さちうさま,YCTM6RYDP,金沢おでん同好会
2ENXPB1UW,918,363196406149472,かれ,V4A5MP41E,徒町チャレンジ！
S14ZTUCRG,919,362963592459274,ZEROICHI,BT3GEWM5L,ささやか村の集い
MOY90G2ES,920,362480192944199,kaz,2NY9H8BR9,乙宗紅茶館
RAAGABHLD,921,362034747749407,すわっぷ,BCJRMHE75,梢すきすきクラブ
GRXB1MUY8,922,361717549227010,ぴー,V4A5MP41E,徒町チャレンジ！
UA7RCU0PL,923,361359772268326,TOA,UHF5Y8PEF,さやちゃん倶楽部
PI43ZYSVG,924,361174157954645,侑@蒼穹の彼方,GVT61ATX0,なのだけれど
ZGN9IBUUW,925,360936493044178,エネロ,R1RM3X0WV,後方腕組みオタク
EQM3PYC53,926,360552915727608,プリン,PBRDPWEY1,村村会
YLGV922B9,927,359950712122393,ラビ,79C17CHA2,蓮ノ空出張部
TA02490KL,928,359815765504848,ホシノヒツギ,J800VVPTN,Aqours
VWAM1LZVB,929,359758198685671,トメ,YCTM6RYDP,金沢おでん同好会
11TQO6YTT,930,359469737851033,ごはん派,PMKB2XTJD,ごはん派！！！
1657AA27B,931,359378240815734,ミロ,R1RM3X0WV,後方腕組みオタク
BQUUCGODZ,932,359136821265547,YUKI.N,UVN7G4X3A,闇のルビィ団
KYH3BUB2R,933,359059318902785,青緑色,NG47YWRR1,繚乱！蓮ノ空
1B2LJJF52,934,359040094022409,とむ,1BME38BCD,さすさやクラブ
2KWBH4L96,935,358992396355084,ぽけ,KXU941RFJ,梢先輩おめでとう
F2KGTW1YD,936,358903145244332,片岡,V4A5MP41E,徒町チャレンジ！
56DXP4XGM,937,358591547925312,aki_,0UT59MJ8U,かほすこ同好会
7YPXGGPP7,938,358271459994255,すーる,48BTAPMBG,蓮ノ空魔術部
4FXRWMBBX,939,358044011009925,とるえん,M6UPWJ6DU,蓮結ぶ虹と星の音
0W5L2RJA3,940,357842975032096,ゆりしす,WN5B7VKPU,きんぴられんこん
E0H7KX5F4,941,357810342924586,ひこ,HBUK6F7CC,乙宗梢なりきり部
P6OYR4PGF,942,357732777102419,フナッチ,WN5B7VKPU,きんぴられんこん
7BL3KR7D9,943,357667451492768,ホワイ,HWJ8XPW0T,箱推しなのだけど
GLC6K11GM,944,357280985170078,三途,BCJRMHE75,梢すきすきクラブ
E60YJ59TP,945,357151282992160,ロレ,VW65MCVF8,スリスリーズ
USVF7A3GV,946,357098251512098,ねりまき,G59NGM0XA,シュリーレン
67TTDUZ9V,947,356864304959804,たかな,V26546K3D,乙宗気合筋肉
G2YW20XX8,948,356500627545606,きち村,JDAG79TG7,百合ノ空観察部
PYN5V5NU9,949,356408230710820,りふ,79C17CHA2,蓮ノ空出張部
QT70B8HJT,950,356210808476390,れん,Y2R7E79U3,カワウソ同好会
06JQ821HY,951,356184234230566,sagi,GXR6C85BT,花帆ちゃん親衛隊
N5U5H5DCX,952,355960414535745,シューマイ,1DU9LCND7,蓮ノ空すこやか部
NNEXSX7P9,953,355772809251701,楓,V4A5MP41E,徒町チャレンジ！
T581TN0I8,954,355643483730443,わんだーらんど,W3YKKRWHG,ルリと愉快な一家
DFP8E0588,955,355495656319134,そら,HWJ8XPW0T,箱推しなのだけど
P5UU1U4YW,956,355429305624515,ヒロ,JTX1G19BP,さやかほ癒し会
I962LF0QO,957,355114431503997,TOMO,59AK7LJ7A,とりあえず
8LCHU4WA2,958,354952888877073,そーじ,0UT59MJ8U,かほすこ同好会
5XNA071FY,959,354558378507193,りふぃる,KT4C59NXG,めぐ島
82UULA4JD,960,354034936880968,コリラックマ,F2CFWVMY9,藤島め組
XBQTPQ3K0,961,353937050691870,とみー,W3YKKRWHG,ルリと愉快な一家
UVGPMPJXJ,962,353203703569723,Fuu,Y2HV0YEF7,蓮ノ空を応援し隊
5VVA4XN4T,963,353120251906796,ゆうか,2NY9H8BR9,乙宗紅茶館
0BHUF5HP4,964,352995436422941,とやたい,FC8NBAJBT,ラー麺二郎金沢店
P4CGFVWN1,965,352982575990048,buta,ABALH0AL3,楽園計画
QRGITUZ6B,966,352515031533949,つぐみん,7R8NKPAB1,花帆推し倶楽部
R50ENN3PN,967,352192143757833,ろっく,RFYKY8DCD,LA.LA.LA
W0D0FD1RO,968,351483825876961,ファンタ,GMEF2K8DL,花咲く泥も好き²
MVPXJHBPH,969,350845316018666,迦弥,YCTM6RYDP,金沢おでん同好会
4JFVTNBIH,970,350546542888249,みょ,49AMYCXCD,ルドベキア
G2TP9RT8M,971,350213676614151,わた,F2CFWVMY9,藤島め組
MJJY4BC6F,972,350118425418642,わっほい,XGR5U534F,初奈の泣きぼくろ
K26X1412V,973,350037885855094,エリオ,HPTHY23VR,蓮ノ空文芸部
AGAG7AJE9,974,350036199059381,ルーク,YCTM6RYDP,金沢おでん同好会
XKG7G9PLE,975,349865431947776,すけるもん,W3YKKRWHG,ルリと愉快な一家
A14T0UXLP,976,349475596459090,ルー,YFADYJVW4,FPS好きクラブ
1NOMUK0WK,977,349379574720147,凛さおり,7XH3K4GBT,LLP
9HZSVL4CY,978,349330275697790,ダイバー,WHWT61ELR,【無言】ハスノソ
WBCTVU8GR,979,348757737827818,ハヤテ,D7H8MN2U4,LLD
TEH21JJRV,980,348701582057915,トキ,GXR6C85BT,花帆ちゃん親衛隊
PCWYG7PXA,981,347814915743143,たぴおか,GMEF2K8DL,花咲く泥も好き²
RL04WF519,982,347814885746431,翔,49AMYCXCD,ルドベキア
XH9G72MU9,983,347763899232177,機械3号･~･,KBJ2P8T0Y,人見知りの集い
V2OTYH4Z9,984,347697971142077,Dolphin,5KK3DFY18,MUGEN∞
LVOYGDF8A,985,347634501951847,norano,RWARTHA1M,乙宗梢大好き部
1BNGCP38U,986,347609864356299,kino,W26TRPM1R,めぐ党藤島派
ZH1FJ7WI8,987,347557166351024,ささかま,HBUK6F7CC,乙宗梢なりきり部
WX7T108Y8,988,347519117473842,Mikan,18YYNRFGA,LotusSky
MQRSEEF24,989,347218444047594,なめたけ,N1DJVPGP8,いつでも咲けるよ
OKGTPXFZ3,990,346421127422980,くのｗ,RFYKY8DCD,LA.LA.LA
70K0IUW6G,991,346416258252866,し,XE8513HNP,喫茶カワウ空✨
P6JJP8MJW,992,345597757091023,カニベロス,V26546K3D,乙宗気合筋肉
VQIBWKYIO,993,345493832760049,シン,N8L41JAA7,無言 ノルマなし
5ZIQL7UXB,994,345359998516238,瑠璃柴,YD2XWWFA4,蓮好き好きクラブ
Z6R8RPXPA,995,344740933632731,おいりょ,EECF9C0N3,蓮ノ空　茨城分校
BE9A0VUV4,996,344731143018933,ももぎん,FVJFA973A,蓮ノ空愛好会
G9DKGLIVY,997,343580973868082,夢を駆けるネコ,JDAG79TG7,百合ノ空観察部
4YXL2E8UT,998,342823121005850,にぼし,FK5MUK0ET,くる♡すきクラブ
5BCGBFRJ8,999,342603480635761,サンディ,D7H8MN2U4,LLD
262K8V3H2,1000,342544778295036,スノーグローブ,R181MKNX1,みらくらは人生！
P8RB3BEJ1,1001,342022468763222,Parare,GVY1F8C9D,花咲くラブライ部
G3M4FWD27,1002,341968540502948,ふぁる,V26546K3D,乙宗気合筋肉
P3KUFWHUX,1003,341855602037550,にくがり,KT4C59NXG,めぐ島
WHYCRK6EZ,1004,341808120838033,Salokim,R7VEXFUBP,蓮ノ空応援クラブ
5EM9A70TY,1005,341793545058687,ダーヤマ,V4A5MP41E,徒町チャレンジ！
6HHFM7N28,1006,341452521052396,はなぶさ,0TKFF5EG3,サークル名募集中
ECACHYT6K,1007,341312892987021,朱鷺,N752V1LD6,思想の溜まり場
M1EW1RNYV,1008,341305568531621,yamaso,FC8NBAJBT,ラー麺二郎金沢店
LYYGRG8W4,1009,341253505497317,りぞん,PBRDPWEY1,村村会
3TT85FWF7,1010,340925849539309,のぞは,WFPA7YJE1,蓮ノ空文芸部
0XJY5M175,1011,340739160550188,のあ,9JTF508LB,スクスタ亡霊部
72K862Y7M,1012,340520411556552,ザ・松田,V6DV6KETG,梢好き好きクラブ
AP1R1QMI3,1013,340369476323026,ますヲ,J7N4W6Y1K,こずミックラブ♡
NKFJYWXKN,1014,340175035122613,すもち,WN5B7VKPU,きんぴられんこん
